Project Name,No of Backers,Project Link
webpack,902,https://opencollective.com/webpack
Babel,362,https://opencollective.com/babel
ACCESS,2,https://opencollective.com/access
Women Who Code Atlanta,20,https://opencollective.com/wwcodeatl
CodeNPlay,28,https://opencollective.com/codenplay
Women Who Code,75,https://opencollective.com/wwcode
Material-UI,62,https://opencollective.com/material-ui
WWCode Merida,3,https://opencollective.com/wwcodemerida
Open Source Collective,57,https://opencollective.com/opensource
Sustain,121,https://opencollective.com/sustainoss
The e-NABLE Fund,3,https://opencollective.com/enablefund
Women Who Code Monterrey,1,https://opencollective.com/wwcodemonterrey
Consciousness Hacking SF,469,https://opencollective.com/chsf
Preact,105,https://opencollective.com/preact
WWCode Portland,26,https://opencollective.com/wwcodeportland
nest,101,https://opencollective.com/nest
WWCode Toronto,6,https://opencollective.com/wwcodetoronto
vue,154,https://opencollective.com/vuejs
Aurelia,85,https://opencollective.com/aurelia
Perkeep,25,https://opencollective.com/perkeep
Qubes OS,259,https://opencollective.com/qubes-os
WWCode Austin,41,https://opencollective.com/wwcodeaustin
MochaJS,118,https://opencollective.com/mochajs
Beaker Browser,73,https://opencollective.com/beaker
Guadalajara JS,16,https://opencollective.com/gdljs
WWCode Seattle,8,https://opencollective.com/wwcodeseattle
TalkWellington,16,https://opencollective.com/korerowellington
Women Who Code Vancouver,9,https://opencollective.com/wwcodevancouver
Nuxt.js,135,https://opencollective.com/nuxtjs
GulpJS,89,https://opencollective.com/gulpjs
Vegan Brussels,85,https://opencollective.com/veganbrussels
phalcon,56,https://opencollective.com/phalcon
RubyTogether,10,https://opencollective.com/rubytogether
FeathersJS,27,https://opencollective.com/feathers
WWCode Silicon Valley,6,https://opencollective.com/wwcodesv
WWCode Colima,1,https://opencollective.com/wwcodecolima
Destiny Item Manager,475,https://opencollective.com/dim
Rochester e-NABLE Lab,3,https://opencollective.com/renablelab
Cloudflare Collective,1,https://opencollective.com/cloudflarecollective
JHipster,65,https://opencollective.com/generator-jhipster
Storybook,49,https://opencollective.com/storybook
universalviewer,1,https://opencollective.com/universalviewer
Women Who Code Manila,9,https://opencollective.com/wwcodemanila
erxes Inc,39,https://opencollective.com/erxes
Dokku,93,https://opencollective.com/dokku
Ruby Together OSC,32,https://opencollective.com/ruby-together-osc
Rollup,1,https://opencollective.com/rollup
WWCode Belfast,1,https://opencollective.com/wwcodebelfast
PNW Drupal Summit,24,https://opencollective.com/pnw-drupal-summit
Rails Girls Atlanta,$988,https://opencollective.com/railsgirlsatl
react-boilerplate,28,https://opencollective.com/react-boilerplate
mobx,50,https://opencollective.com/mobx
Technovation México,8,https://opencollective.com/technovationmx
Cycle.js,77,https://opencollective.com/cyclejs
ngrx,61,https://opencollective.com/ngrx
RuboCop,32,https://opencollective.com/rubocop
WWCode Taipei,5,https://opencollective.com/wwcodetaipei
Burlington Code,11,https://opencollective.com/burlington-code
Helium Grant,41,https://opencollective.com/heliumgrant_test
electron,23,https://opencollective.com/electron
ParsePlatform,17,https://opencollective.com/parse-server
Open Collective Europe,41,https://opencollective.com/europe-collective
Jekyll,14,https://opencollective.com/jekyll
Jest,11,https://opencollective.com/jest
WWCode Twin Cities,69,https://opencollective.com/wwcodetwincities
Bower,46,https://opencollective.com/bower
Gatsby,€0,https://opencollective.com/gatsby
Be Coworking,7,https://opencollective.com/becoworking
WWCode New York,1,https://opencollective.com/wwcodenyc
Civic Tech Toronto,41,https://opencollective.com/civictechto
ReactiveUI,45,https://opencollective.com/reactiveui
curl,11,https://opencollective.com/curl
WWCode Birmingham,10,https://opencollective.com/wwcodebirmingham
WordPress Sydney,13,https://opencollective.com/wordpress-sydney
Asciidoctor,33,https://opencollective.com/asciidoctor
hybris-integration-intellij-idea-plugin,223,https://opencollective.com/hybris-integration-intellij-idea-plugin
trellis,68,https://opencollective.com/trellis
social.coop,30,https://opencollective.com/socialcoop
Boostnote,20,https://opencollective.com/boostnoteio
sfglobalshapers,5,https://opencollective.com/sfglobalshapers
Fearless Cities Brussels,157,https://opencollective.com/fearlesscitiesbrussels
WordPress SFO,46,https://opencollective.com/wordpress-sf
Spyder IDE,406,https://opencollective.com/spyder
redux-saga,1,https://opencollective.com/redux-saga
Dark Reader,13,https://opencollective.com/darkreader
Austin Drupal Users Group,17,https://opencollective.com/drupalatx
Mongoose.js,47,https://opencollective.com/mongoose
WWCode Washington DC,6,https://opencollective.com/wwcodedc
sage,44,https://opencollective.com/sage
WWCode Kyiv,6,https://opencollective.com/wwcodekyiv
BrusselsTogether,6,https://opencollective.com/brusselstogether
Docusaurus,60,https://opencollective.com/docusaurus
codesandbox,11,https://opencollective.com/codesandbox
dlang,3,https://opencollective.com/dlang
unified,56,https://opencollective.com/unified
Botkit,2,https://opencollective.com/botkit
CIDER,9,https://opencollective.com/cider
BrusselsTogether Media,11,https://opencollective.com/brusselstogether-media
WeBrussels,10,https://opencollective.com/webrussels
rspec,111,https://opencollective.com/rspec
idyll,47,https://opencollective.com/idyll
Vapor,29,https://opencollective.com/vapor
TypeORM,8,https://opencollective.com/typeorm
socket.io,10,https://opencollective.com/socketio
Make it Sound,26,https://opencollective.com/make-it-sound
San Francisco Art & Film for Teenagers,8,https://opencollective.com/sfartandfilm
choo,23,https://opencollective.com/choo
nock,81,https://opencollective.com/nock
CCXT,1,https://opencollective.com/ccxt
Parcel,1,https://opencollective.com/parcel
big.js,30,https://opencollective.com/bigjs
mobx-react-form,2,https://opencollective.com/mobx-react-form
APEX,$0,https://opencollective.com/apex
SF Data,11,https://opencollective.com/sf-data-science
Between the Wires,$255,https://opencollective.com/betweenthewires
WWCode Kuala Lumpur,1,https://opencollective.com/wwcodekualalumpur
Nerves Project,32,https://opencollective.com/nerves-project
Women Who Code Barcelona,3,https://opencollective.com/wwcodebarcelona
Softcraft - Open Apprenticeship,5,https://opencollective.com/softcraft
Ragtag,MX$0,https://opencollective.com/ragtag
meteor-up,8,https://opencollective.com/meteor-up
WWCode Berlin,41,https://opencollective.com/wwcodeberlin
Grav,6,https://opencollective.com/grav
CryptPad,81,https://opencollective.com/cryptpad
react-pdf,30,https://opencollective.com/react-pdf
Hoodie,14,https://opencollective.com/hoodie
IndieWeb,32,https://opencollective.com/indieweb
up,$628,https://opencollective.com/apex-up
WWCode Mexico City,26,https://opencollective.com/wwcodedf
Sound Doctors,32,https://opencollective.com/sound-doctors
La Jacqueline Mobile Sound,3,https://opencollective.com/lajacqueline
WWCode London,1,https://opencollective.com/wwcodelondon
MvvmCross,20,https://opencollective.com/mvvmcross
Democracy Earth Foundation,3,https://opencollective.com/democracyearth
duplicati,30,https://opencollective.com/duplicati
Women Who Code Raleigh Durham,29,https://opencollective.com/wwcoderaleigh
BeFrank,43,https://opencollective.com/befrank
WWCode San Francisco,1,https://opencollective.com/wwcodesf
Operation Code,4,https://opencollective.com/operationcode-collective
ImageSharp,6,https://opencollective.com/imagesharp
WWCode Boston,19,https://opencollective.com/wwcodeboston
WWCode Boulder/Denver,15,https://opencollective.com/wwcodebd
element,7,https://opencollective.com/element
Flarum,6,https://opencollective.com/flarum
styled-components,11,https://opencollective.com/styled-components
Sydney Drupal Users Group,6,https://opencollective.com/sydney-drupal-users-group
Redux DevTools,48,https://opencollective.com/redux-devtools-extension
React Native Elements,1,https://opencollective.com/react-native-elements
UBIE,28,https://opencollective.com/ubie
Code for Miami,20,https://opencollective.com/codeformiami
Streetmix,39,https://opencollective.com/streetmix
Impact.tech,21,https://opencollective.com/impacttech
Euros For Docs,81,https://opencollective.com/eurosfordocs
The London Django Meetup Group,37,https://opencollective.com/the-london-django-meetup-group
Tachyons,$351,https://opencollective.com/tachyons
lumo,6,https://opencollective.com/lumo
Tabula,4,https://opencollective.com/tabulapdf
Les Barbares,34,https://opencollective.com/lesbarbares
nodemon,53,https://opencollective.com/nodemon
libpostal,49,https://opencollective.com/libpostal
HOTS-NYC,13,https://opencollective.com/hots-nyc
Split,€0,https://opencollective.com/split
UniRx,70,https://opencollective.com/unirx
LibreNMS,6,https://opencollective.com/librenms
HuNeeds,21,https://opencollective.com/huneeds
WWCode Recife,5,https://opencollective.com/wwcoderecife
TurfJS,41,https://opencollective.com/turf
Kings Lynn & West Norfolk Pride,30,https://opencollective.com/klwnpride
pug,26,https://opencollective.com/pug
sinon,1,https://opencollective.com/sinon
Agreelist,17,https://opencollective.com/agreelist
Companion,11,https://opencollective.com/companion
Drupal Asheville,24,https://opencollective.com/drupalasheville
Women Who Code Huntsville,31,https://opencollective.com/wwcodehuntsville
Babel Starter Kit,5,https://opencollective.com/babel-starter-kit
skatejs,57,https://opencollective.com/skatejs
The New Citizen Europe,2,https://opencollective.com/thenewcitizen-europe
TechWo,6,https://opencollective.com/techwo
Open Collective Foundation,11,https://opencollective.com/foundation-collective
Bincrafters Community,$919,https://opencollective.com/bincrafters
FreeRideToVote,3,https://opencollective.com/freeridetovote
Code for Denver,5,https://opencollective.com/codefordenver
React Native Firebase,9,https://opencollective.com/react-native-firebase
Micro Mobility Center,10,https://opencollective.com/micro-mobility-center
GrapesJS,25,https://opencollective.com/grapesjs
Laravel Tenancy,$0,https://opencollective.com/tenancy
YOURLS,1,https://opencollective.com/yourls
lem,32,https://opencollective.com/lem
Internet Freedom Festival Swag,2,https://opencollective.com/internetffswag
Green me Baby,20,https://opencollective.com/green-me-baby
Internet Freedom Festival,11,https://opencollective.com/internetfreedomfestival
Octobox,9,https://opencollective.com/octobox
Secure Scuttlebutt Consortium Collective,9,https://opencollective.com/secure-scuttlebutt-consortium
WWCode Bristol,54,https://opencollective.com/wwcodebristol
WWCode DFW,5,https://opencollective.com/wwcodedallas
The Swing Dance Cooperative,13,https://opencollective.com/swing
satellizer,$175,https://opencollective.com/satellizer
24pullrequests,40,https://opencollective.com/24pullrequests
celery,45,https://opencollective.com/celery
noble,1,https://opencollective.com/noble
Radarr,10,https://opencollective.com/radarr
Silhouette,5,https://opencollective.com/silhouette
Django Girls Helsinki,1,https://opencollective.com/djangohelsinki
WWCode Bangalore,$260,https://opencollective.com/wwcodebangalore
flow-for-vscode,2,https://opencollective.com/flow-for-vscode
riot,15,https://opencollective.com/riot
Women Who Code Sofia,5,https://opencollective.com/wwcodesofia
Strapi,$334,https://opencollective.com/strapi
Open Source Design,90,https://opencollective.com/opensourcedesign
coconut,3,https://opencollective.com/coconut
cheerio,$189,https://opencollective.com/cheerio
hospitalrun,1,https://opencollective.com/hospitalrun
Playworks,€0,https://opencollective.com/playworkskerryproject
Yeoman,1,https://opencollective.com/yeoman
PDXNode,2,https://opencollective.com/pdxnode
WWCode Santiago,14,https://opencollective.com/wwcodesantiago
Colly,1,https://opencollective.com/colly
gitea,€899,https://opencollective.com/gitea
Open Farm,14,https://opencollective.com/openfarm
React Starter Kit for Firebase,18,https://opencollective.com/react-firebase-starter
Serverless San Francisco,$768,https://opencollective.com/serverless-sf
WWCode Medellín,6,https://opencollective.com/wwcodemedellin
WWCode Tokyo,19,https://opencollective.com/wwcodetokyo
#NoMuslimBan,1,https://opencollective.com/nomuslimban
WWCode Greenville,39,https://opencollective.com/wwcodegreenville
angular-fullstack,1,https://opencollective.com/angular-fullstack
Tech for Good New Zealand,1,https://opencollective.com/techforgoodnz
offline-plugin,4,https://opencollective.com/offline-plugin
react-virtualized,40,https://opencollective.com/react-virtualized
Fody,11,https://opencollective.com/fody
Women Who Code Singapore,$661,https://opencollective.com/wwcodesingapore
WWCode Delhi,1,https://opencollective.com/wwcodedelhi
NOVA Web Development,$0,https://opencollective.com/nova-web-development
BootstrapCDN,1,https://opencollective.com/getbootstrapcdn
Better Media,1,https://opencollective.com/bettermediauk
Open Chemistry,42,https://opencollective.com/open-chemistry
Vulcan,$0,https://opencollective.com/vulcan
Charlotte Devs,11,https://opencollective.com/charlottedevs
WWCode Dublin,24,https://opencollective.com/wwcodedublin
GoSublime,$448,https://opencollective.com/gosublime
React Toolbox!,6,https://opencollective.com/react-toolbox
The Verdigris Ensemble,8,https://opencollective.com/verdigrismusic
AVL Futures,21,https://opencollective.com/avlfutures
Drupal Utah,17,https://opencollective.com/drupalutah
shields.io,5,https://opencollective.com/shields
Food for Thought,1,https://opencollective.com/foodforthought
WWCode Accra,2,https://opencollective.com/wwcodeaccra
CaptainFact,3,https://opencollective.com/captainfact_io
Nim,25,https://opencollective.com/nim
CodeBuddies,1,https://opencollective.com/codebuddies
LaPrimaire.org,21,https://opencollective.com/laprimaire
Nodemailer,5,https://opencollective.com/nodemailer
WWCode Vinnytsia,1,https://opencollective.com/wwcodevinnytsia
GENIE,7,https://opencollective.com/gorge-genie
SFTech4Good,20,https://opencollective.com/sftech4good
DjangoGirls Marseille,$432,https://opencollective.com/djangogirlsmrs
document-register-element,5,https://opencollective.com/document-register-element
Blaze,$595,https://opencollective.com/blaze
MahApps.Metro,1,https://opencollective.com/mahappsmetro
WWCode Sydney,11,https://opencollective.com/wwcodesydney
Allure Report,30,https://opencollective.com/allure-report
KoaJS,1,https://opencollective.com/koajs
Tech4Good Southwest Florida,$0,https://opencollective.com/t4swfl
St. Louis Drupal Users Group (STLDUG),1,https://opencollective.com/drupalstl
WWCode Brisbane,35,https://opencollective.com/wwcodebrisbane
WWCode Los Angeles,22,https://opencollective.com/wwcodelosangeles
OpenMined,11,https://opencollective.com/openmined
marshmallow,20,https://opencollective.com/marshmallow
SCION,€135,https://opencollective.com/scion
AZ social business,3,https://opencollective.com/azsocialbusiness
Phenomic,1,https://opencollective.com/phenomic
TealWiki,9,https://opencollective.com/tealwiki
Oni,$396,https://opencollective.com/oni
,1,https://opencollective.com/burgerlijst
Women Who Code Cincinnati,3,https://opencollective.com/wwcodecincinnati
Mark Text,€0,https://opencollective.com/marktext
Wiki.js,2,https://opencollective.com/wikijs
Boston Code Camp,15,https://opencollective.com/bostoncodecamp
JSOxford,$170,https://opencollective.com/jsoxford
hyperHTML,13,https://opencollective.com/hyperhtml
faker.js,2,https://opencollective.com/fakerjs
Gentlewomen’s Club Brussels,A$560,https://opencollective.com/gwc-brussels
The Impact Fellowhip,13,https://opencollective.com/impactfellowship
Osmocom,$948,https://opencollective.com/osmocom
OpenCollective Paris,28,https://opencollective.com/opencollectiveparis
OpenEMR,$450,https://opencollective.com/openemr
WWCode Edinburgh,6,https://opencollective.com/wwcodeedinburgh
poi,1,https://opencollective.com/poi
MakersGDL,1,https://opencollective.com/makersgdl
JSS,A$540,https://opencollective.com/jss
Chai,6,https://opencollective.com/chaijs
Avalonia,8,https://opencollective.com/avalonia
Simply Secure's Underexposed,9,https://opencollective.com/underexposed
html-webpack-plugin,2,https://opencollective.com/html-webpack-plugin
ORY,$990,https://opencollective.com/ory
Women Who Code Richmond,6,https://opencollective.com/wwcoderichmond
Readline,$155,https://opencollective.com/readline
acgn-stock,25,https://opencollective.com/acgn-stock
GraphQL Shield,18,https://opencollective.com/graphql-shield
Thessaloniki Java Meetup,5,https://opencollective.com/skgjug
Tessel,1,https://opencollective.com/tessel
Open Collective UK,$943,https://opencollective.com/uk-collective
ax5ui,3,https://opencollective.com/ax5ui-kernel
Fisk-Vanderbilt Bridge Alumni Network,14,https://opencollective.com/fvbran
xstate,1,https://opencollective.com/xstate
Pony,$921,https://opencollective.com/ponyc
WWCode Chennai,2,https://opencollective.com/wwcodechennai
Publii,£942,https://opencollective.com/publii
SVGR,13,https://opencollective.com/svgr
LWJGL,10,https://opencollective.com/lwjgl
gobuster,$758,https://opencollective.com/gobuster
fuse-box,2,https://opencollective.com/fuse-box
react-native-camera,€886,https://opencollective.com/react-native-camera
WWCode Chicago,2,https://opencollective.com/wwcodechicago
devise_token_auth,$879,https://opencollective.com/devise_token_auth
Manyverse,3,https://opencollective.com/manyverse
AudioKit,4,https://opencollective.com/audiokit
Avogadro,€916,https://opencollective.com/avogadro
cucumber,12,https://opencollective.com/cucumber
Streamlink,$807,https://opencollective.com/streamlink
jsbin,1,https://opencollective.com/jsbin
Michigan Python,£457,https://opencollective.com/michiganpython
Bootstrap-Vue,26,https://opencollective.com/bootstrap-vue
WWCode East Bay,2,https://opencollective.com/wwcodeeastbay
Openwhyd,18,https://opencollective.com/openwhyd
OSCurrency,22,https://opencollective.com/oscurrency
CultureSeed,12,https://opencollective.com/cultureseed
Open Collective,5,https://opencollective.com/opencollective-oss
Citizen-led economic transition.,$892,https://opencollective.com/reconomycop
Analyze Basilicata,2,https://opencollective.com/analyzebasilicata
Ghost,6,https://opencollective.com/ghost
Co-Labs,2,https://opencollective.com/co-labs
DiEM25 Spontaneous Collective (DSC) Brussels,$827,https://opencollective.com/dscbrussels
Climate without Borders,4,https://opencollective.com/climatewborders
Cboard - Assistive Communication Board,$8,https://opencollective.com/cboard
NetSquared Vancouver (Net2van),28,https://opencollective.com/net2van-meetup
CIN,$621,https://opencollective.com/civicinnovationnetwork
file-icons,7,https://opencollective.com/file-icons
Data Pioneers Brussels,8,https://opencollective.com/datapioneersbrussels
inferno,€792,https://opencollective.com/inferno
Women Who Code Pune,9,https://opencollective.com/wwcodepune
Network Time Foundation,$773,https://opencollective.com/network-time-foundation
rom,1,https://opencollective.com/rom
RocketMod,£750,https://opencollective.com/rocketmod
Foynt,13,https://opencollective.com/foynt
Ithaca Adoption Community,$24,https://opencollective.com/ithacaadoptioncommunity
Global Challenges Collaboration,7,https://opencollective.com/globalchallengescollaboration
Grow-IoT,$924,https://opencollective.com/grow-iot
Shape Shifter,2,https://opencollective.com/shapeshifter
Open Recognition,23,https://opencollective.com/openrecognition
WWCode Beijing,1,https://opencollective.com/wwcodebeijing
verdaccio,$695,https://opencollective.com/verdaccio
react-native-router-flux,19,https://opencollective.com/react-native-router-flux
Open Miami,9,https://opencollective.com/openmiami-collective
Data for Good,15,https://opencollective.com/data_for_good
amethyst,$676,https://opencollective.com/amethyst
Women In Transition,17,https://opencollective.com/women-in-transition-
Bruxelles Nord - Sud,$341,https://opencollective.com/bruxelles-nord-sud
Bootstrap Material,12,https://opencollective.com/material
ReactJS Dallas,$67,https://opencollective.com/reactjs-dallas
Zewo,2,https://opencollective.com/zewo
RMWC,$637,https://opencollective.com/rmwc
openbabel,32,https://opencollective.com/openbabel
WWCode Wichita,3,https://opencollective.com/wwcodewichita
Women Who Code Cleveland,$656,https://opencollective.com/wwcodecleveland
Women Who Code Fort Collins,5,https://opencollective.com/wwcodefortcollins
WWCode Shanghai,$619,https://opencollective.com/wwcodeshanghai
WWCode Phoenix,16,https://opencollective.com/wwcodephoenix
WWCode Tampa,$443,https://opencollective.com/wwcodetampa
ReCreate,17,https://opencollective.com/recreate
Thessaloniki .NET Meetup,$715,https://opencollective.com/thessnetmeetup
Huuman,13,https://opencollective.com/huuman
Womer,$619,https://opencollective.com/womer
Women Who Code San Diego,5,https://opencollective.com/wwcodesandiego
Sustainable Brussels,$750,https://opencollective.com/sustainable-brussels
UpstatePHP,13,https://opencollective.com/upstatephp
material-theme-jetbrains,$519,https://opencollective.com/material-theme-jetbrains
Archive Team,2,https://opencollective.com/archiveteam
Final Form,$524,https://opencollective.com/final-form
UserFrosting,22,https://opencollective.com/userfrosting
Open Ulmus,$361,https://opencollective.com/openulmus
La Conexión,1,https://opencollective.com/laconexion
react-native-image-crop-picker,$601,https://opencollective.com/react-native-image-crop-picker
WWCode Reno/Tahoe,10,https://opencollective.com/wwcoderenotahoe
MAE Trips,$117,https://opencollective.com/mae-trips-
apollo-universal-starter-kit,8,https://opencollective.com/apollo-universal-starter-kit
Emplea.do Job Board,$212,https://opencollective.com/empleo-dot-net
Enso,17,https://opencollective.com/enso
React Styleguidist,19,https://opencollective.com/styleguidist
The Lounge,€209,https://opencollective.com/thelounge
Ant Design Vue,12,https://opencollective.com/ant-design-vue
vux,$418,https://opencollective.com/vux
Buttercup,5,https://opencollective.com/buttercup
debug,€479,https://opencollective.com/debug
The S7 Foundation,11,https://opencollective.com/thes7foundation
react-hot-loader,€560,https://opencollective.com/react-hot-loader
Accel AI Institute,12,https://opencollective.com/accel-ai
RSSHub,€570,https://opencollective.com/rsshub
brain.js,7,https://opencollective.com/brainjs
AssemblyScript,$526,https://opencollective.com/assemblyscript
jest-puppeteer,2,https://opencollective.com/jest-puppeteer
octotree,CA$526,https://opencollective.com/octotree
kea,9,https://opencollective.com/kea
WWCode Kingston,€20,https://opencollective.com/wwcodekingston
WWCode Sacramento,3,https://opencollective.com/wwcodesacramento
Sunbeam City,€533,https://opencollective.com/sunbeam-city
localstack,11,https://opencollective.com/localstack
tabler,$645,https://opencollective.com/tabler
Terms of Service; Didn’t Read,3,https://opencollective.com/tosdr
Code Settings Sync,$550,https://opencollective.com/code-settings-sync
compodoc,3,https://opencollective.com/compodoc
NGXS,$508,https://opencollective.com/ngxs
navit,12,https://opencollective.com/navit
React Starter Kit,$529,https://opencollective.com/react-starter-kit
Embrace the Journey,4,https://opencollective.com/embrace-the-journey
Lidarr,$507,https://opencollective.com/lidarr
hledger,3,https://opencollective.com/hledger
goby,$338,https://opencollective.com/goby
Ellie,8,https://opencollective.com/ellie
Startup Yoga NYC,€482,https://opencollective.com/startupyoganyc
Thessaloníki ReactJS Meetup,4,https://opencollective.com/skgreactjs
PumpkinDB,$28,https://opencollective.com/pumpkindb
WarriorJS,20,https://opencollective.com/warriorjs
level,$550,https://opencollective.com/level
AMTV Digital Network,5,https://opencollective.com/amtv-collective
Relax,€519,https://opencollective.com/relax
apiato,4,https://opencollective.com/apiato
gitextensions,$492,https://opencollective.com/gitextensions
WWCode Waterloo,9,https://opencollective.com/wwcodewaterloo
Funkwhale,$543,https://opencollective.com/funkwhale
Operation Code DC,8,https://opencollective.com/operationcode-dc
Hack Portland,$53,https://opencollective.com/hack-portland
React PWA,7,https://opencollective.com/react-pwa
stylelint,$219,https://opencollective.com/stylelint
date-fns,6,https://opencollective.com/date-fns
bedrock,€840,https://opencollective.com/bedrock
NUSMods,2,https://opencollective.com/nusmods
Polar,2,https://opencollective.com/polar-bookshelf
SOCIALMARKET.com,€467,https://opencollective.com/opencoop
opal,15,https://opencollective.com/opal
javascript-obfuscator,€434,https://opencollective.com/javascript-obfuscator
FountainJS,2,https://opencollective.com/fountainjs
WWCode Melbourne,3,https://opencollective.com/wwcodemelbourne
opsdroid,$633,https://opencollective.com/opsdroid
Norwich Sharing City,9,https://opencollective.com/norwichsharingcity
Origin Club,$68,https://opencollective.com/originclub
tellform,8,https://opencollective.com/tellform
LolaShare,$446,https://opencollective.com/lolashare
React Denver,1,https://opencollective.com/react-denver
Clipy,$435,https://opencollective.com/clipy
.ignore,1,https://opencollective.com/ignore
redis-oplog,$435,https://opencollective.com/redis-oplog
Sounds and Colors Radio,1,https://opencollective.com/soundsandcolors
Expo CLI,$435,https://opencollective.com/expo-cli
linter,1,https://opencollective.com/linter
WECO.IO,$435,https://opencollective.com/weco
XoopsCore,1,https://opencollective.com/xoopscore
MongoKitten,$435,https://opencollective.com/mongokitten
WordPress Gwinnett,1,https://opencollective.com/wordpress-gwinnett
react-spring,$435,https://opencollective.com/react-spring
LimaJS,1,https://opencollective.com/limajs
SimplyTest.me,$435,https://opencollective.com/simplytestme
Collectif Monnaie Libre,14,https://opencollective.com/monnaie-libre
emotion,€298,https://opencollective.com/emotion
Trill,10,https://opencollective.com/trill
Cheese.lab Industries,€15,https://opencollective.com/cheeselab
Kivy,1,https://opencollective.com/kivy
cockpit,€0,https://opencollective.com/cockpit
pnpm,2,https://opencollective.com/pnpm
electron-react-boilerplate,$420,https://opencollective.com/electron-react-boilerplate-594
Mastodon.me.uk,7,https://opencollective.com/mastodon-me-uk
OpenJSCAD.org,€415,https://opencollective.com/openjscad
ElectricSheep Podcast,10,https://opencollective.com/electricsheep
Queen City Hacks,$147,https://opencollective.com/queencityhacks
De Burgers van Grobbendonk en Bouwel,25,https://opencollective.com/de-burgers-van-grobbendonk-en-bouwel
Boulder React Meetup,$463,https://opencollective.com/boulder-react-meetup
PyPy,1,https://opencollective.com/pypy
imaginary,$419,https://opencollective.com/imaginary
ransack,2,https://opencollective.com/ransack
Bludit,$494,https://opencollective.com/bludit
dat,8,https://opencollective.com/dat
ELMS: Learning Network,$446,https://opencollective.com/elmsln
isomorphic-git,3,https://opencollective.com/isomorphic-git
ng-toolkit,$242,https://opencollective.com/ng-toolkit
electron-react-boilerplate,13,https://opencollective.com/electron-react-boilerplate
WWCode Paris,$55,https://opencollective.com/wwcodeparis
vis.js,4,https://opencollective.com/vis
GameCraft,$145,https://opencollective.com/gamecraft-foundation-clg
Foodfightvt,1,https://opencollective.com/foodfightvt
ifme,$375,https://opencollective.com/ifme
Paris.js,4,https://opencollective.com/parisjs
Operation Code Hampton Roads,$285,https://opencollective.com/operationcodehr
Altair GraphQL Client,3,https://opencollective.com/altair
docsify,$372,https://opencollective.com/docsify
CameraKit-Android,1,https://opencollective.com/camerakit-android
FreshOS,4,https://opencollective.com/freshos
Colyseus,$405,https://opencollective.com/colyseus
Auto-Keras,12,https://opencollective.com/autokeras
d3.js Bay Area,$475,https://opencollective.com/d3bayarea
WWCode Al-Jazair,3,https://opencollective.com/wwcodealjazair
WWCode Gujarat,1,https://opencollective.com/wwcodegujarat
WWCode Belo Horizonte,$344,https://opencollective.com/wwcodebelohorizonte
WWCode Charleston,12,https://opencollective.com/wwcodecharleston
Kingfisher,$288,https://opencollective.com/kingfisher
WhitestormJS Engine,11,https://opencollective.com/whitestormjs
Harissa,$383,https://opencollective.com/harissa
ioredis,12,https://opencollective.com/ioredis
OctoLinker,$12,https://opencollective.com/octolinker
En Marche.be,2,https://opencollective.com/enmarchebe
Beer Burger,$455,https://opencollective.com/brusselsbeerburger
Spina,19,https://opencollective.com/spina
iview,$392,https://opencollective.com/iview
redbaron,2,https://opencollective.com/redbaron
lint-staged,$362,https://opencollective.com/lint-staged
Operation Code: Boston,1,https://opencollective.com/operationcodeboston
peerjs,5,https://opencollective.com/peer
tntsearch,10,https://opencollective.com/tntsearch
CameraView,$107,https://opencollective.com/cameraview
Chimp.js,4,https://opencollective.com/chimp
Crystal Language,$211,https://opencollective.com/crystal-lang
Kendraio,1,https://opencollective.com/kendraio
Metapsychosis,$335,https://opencollective.com/metapsychosis
Kendraio DAW,1,https://opencollective.com/kendraio-daw
goreleaser,$335,https://opencollective.com/goreleaser
Muterra,37,https://opencollective.com/golix
GORM,€615,https://opencollective.com/gorm
http4k,13,https://opencollective.com/http4k
Burger Beweging,$452,https://opencollective.com/burgerbeweging
Fellows.chat,3,https://opencollective.com/fellows_chat
fela,$360,https://opencollective.com/fela
World Peace Now,15,https://opencollective.com/worldpeacenow
NoPlasticApp,$570,https://opencollective.com/noplasticapp
projectM,3,https://opencollective.com/projectm
perth indymedia,$336,https://opencollective.com/perthindymedia
git-point,3,https://opencollective.com/git-point
FKA,$330,https://opencollective.com/formerlyknownas
Taiga,6,https://opencollective.com/taiga
Hoa Project,4,https://opencollective.com/hoaproject
Bevry,$308,https://opencollective.com/bevry
Data Pioneers London,6,https://opencollective.com/datapioneerslondon
react-dropzone,$4,https://opencollective.com/react-dropzone
Blockchain Garage Brussels,12,https://opencollective.com/blockchain-garage-brussels
Heapclub,$347,https://opencollective.com/heapclub
GraphQL NYC,3,https://opencollective.com/graphqlnyc
Split.js,$190,https://opencollective.com/splitjs
SweetAlert,8,https://opencollective.com/sweetalert
redux-form,$302,https://opencollective.com/redux-form
Developing-iOS-10-Apps-with-Swift,9,https://opencollective.com/developing-ios-10-apps-with-swift
OWASP-Nettacker,$264,https://opencollective.com/owasp-nettacker
Crypto UI,3,https://opencollective.com/crypto-ui
MegaBoilerplate,$0,https://opencollective.com/megaboilerplate
Haxe,10,https://opencollective.com/haxe
Thinking Liverpool,€702,https://opencollective.com/thinking-liverpool
Gathering Hall Studios,1,https://opencollective.com/gathering-hall-studios
sharpneat,$0,https://opencollective.com/sharpneat
cljdoc,11,https://opencollective.com/cljdoc
ff4j,$314,https://opencollective.com/ff4j
sizzy,6,https://opencollective.com/sizzy
Ts.ED,$306,https://opencollective.com/tsed
MyBB,1,https://opencollective.com/mybb
Reakit,$0,https://opencollective.com/reakit
koel,1,https://opencollective.com/koel
jqplay,$260,https://opencollective.com/jqplay
ngx-infinite-scroll,27,https://opencollective.com/ngx-infinite-scroll
Property Web Builder,$338,https://opencollective.com/property_web_builder
AdNauseam,1,https://opencollective.com/adnauseam
CommonsWealth Network,CA$176,https://opencollective.com/commonswealth-network
redom,17,https://opencollective.com/redom
EasyClangComplete,€888,https://opencollective.com/easyclangcomplete
distributed,3,https://opencollective.com/distributed
fabio,$255,https://opencollective.com/fabio
vue-admin,10,https://opencollective.com/vue-admin
Front-End-Checklist,$982,https://opencollective.com/front-end-checklist
Humanitarian AI,9,https://opencollective.com/humanitarian-ai
laravel-admin,$205,https://opencollective.com/laravel-admin
Fider,8,https://opencollective.com/fider
dep,$307,https://opencollective.com/dep
magit,14,https://opencollective.com/magit
Cypress.io,$513,https://opencollective.com/cypressio
cerebro,15,https://opencollective.com/cerebro
React Native Debugger,$225,https://opencollective.com/react-native-debugger
grapher,6,https://opencollective.com/grapher
QtSharp,$293,https://opencollective.com/qtsharp
react-ace,15,https://opencollective.com/react-ace
react-redux-firebase,$590,https://opencollective.com/react-redux-firebase
webhook,1,https://opencollective.com/webhook
Hoverboard,$181,https://opencollective.com/hoverboard
Operation Code PDX,6,https://opencollective.com/operationcodepdx
Material Theme for VS Code,$315,https://opencollective.com/vsc-material-theme
listes citoyennes,12,https://opencollective.com/listescitoyennes
Refugees Got Talent,$217,https://opencollective.com/refugeesgottalent
fast-xml-parser,6,https://opencollective.com/fast-xml-parser
NServiceBusExtensions,$17,https://opencollective.com/nservicebusextensions
ResXResourceManager,1,https://opencollective.com/resxresourcemanager
togglz,A$151,https://opencollective.com/togglz
Society of Lady Makers,2,https://opencollective.com/societyofladymakers
ssh,$252,https://opencollective.com/ssh
Catel,5,https://opencollective.com/catel
reactabular,£226,https://opencollective.com/reactabular
Drupal - Real Time SEO module,1,https://opencollective.com/realtimeseo
Open Source Diversity,€0,https://opencollective.com/opensourcediversity
BioJulia,3,https://opencollective.com/biojulia
Reinventing Brussels,$87,https://opencollective.com/reinventingbrussels
Trove of Knowledge,4,https://opencollective.com/offibooks
pixelfed,$49,https://opencollective.com/pixelfed-528
bootstrap-table,8,https://opencollective.com/bootstrap-table
Akaunting,$224,https://opencollective.com/akaunting
openapi-directory,26,https://opencollective.com/openapi-directory
Audit.NET,$125,https://opencollective.com/auditnet
JSUI,9,https://opencollective.com/jsui
anchor-cms,$206,https://opencollective.com/anchor-cms
Ixelles pour Tous,2,https://opencollective.com/ixelles-pour-tous
Free Code Camp Perth,$41,https://opencollective.com/free-code-camp-perth
LessPass,1,https://opencollective.com/lesspass
CleanWalker,$0,https://opencollective.com/benjamin-carboni
openlayers,5,https://opencollective.com/openlayers
Android-Password-Store,$225,https://opencollective.com/android-password-store
Vogelmorn Community Precinct,1,https://opencollective.com/vogelmorn-community-precinct
jscpd,$215,https://opencollective.com/jscpd
Edge Collective,3,https://opencollective.com/edgecollective
android-arsenal.com,$610,https://opencollective.com/android-arsenal
AnimatedPieView,1,https://opencollective.com/animatedpieview
ReactNYC,$255,https://opencollective.com/reactnyc
MadJS,2,https://opencollective.com/madisonjavascript
Excalibur,$109,https://opencollective.com/excalibur
Operation Code Columbus,10,https://opencollective.com/opcodecolumbus
Strider,$212,https://opencollective.com/strider
twitter-bootstrap-rails,10,https://opencollective.com/twitter-bootstrap-rails
Commitizen,$353,https://opencollective.com/commitizen
react-native-iap,3,https://opencollective.com/react-native-iap
Brussels International Citizens Alliance,$275,https://opencollective.com/bica
INFUSIÓN,7,https://opencollective.com/infusionvlc
ModularAdmin,$381,https://opencollective.com/modular-admin
Perma@transforma,10,https://opencollective.com/perma%40transforma
lab.davan.ac,€433,https://opencollective.com/labdavanac
OpenUpstate,6,https://opencollective.com/openupstate
Task,$253,https://opencollective.com/task
MetaMask,4,https://opencollective.com/metamask
algorithm-visualizer,$78,https://opencollective.com/algorithm-visualizer
Popmotion,5,https://opencollective.com/popmotion
simple-schema-js,$96,https://opencollective.com/simple-schema-js
Plastic Free Plux,1,https://opencollective.com/plasticfreeplux
graphql-compose,9,https://opencollective.com/graphql-compose
cezerin,$314,https://opencollective.com/cezerin
dolibarr,2,https://opencollective.com/dolibarr
NetSquared Chicago,$222,https://opencollective.com/netsquared-chicago
vuetify,5,https://opencollective.com/vuetify
Mastodon.brussels,$373,https://opencollective.com/mastodonbrussels
IceCream,8,https://opencollective.com/icecream
"Open Collective, Inc.",$129,https://opencollective.com/opencollective-company
radiant-player,4,https://opencollective.com/radiant-player
git-bug,$127,https://opencollective.com/git-bug
TShock,1,https://opencollective.com/tshock
HIVE Blockchain Society,€177,https://opencollective.com/hive_bs
Midnight Lizard,2,https://opencollective.com/midnight-lizard
searx,$185,https://opencollective.com/searx
ChangeX,4,https://opencollective.com/changex-collective
fontplop,€176,https://opencollective.com/fontplop
Kaku,1,https://opencollective.com/kaku
Framework7,$175,https://opencollective.com/framework7
accounts-js,2,https://opencollective.com/accounts-js
nitrite-database,$174,https://opencollective.com/nitrite-database
activitywatch,5,https://opencollective.com/activitywatch
AzuraCast,$169,https://opencollective.com/azuracast
Docz,3,https://opencollective.com/docz
AsciidocFX,$674,https://opencollective.com/asciidocfx
x-ray,5,https://opencollective.com/x-ray
Volt Europa,$110,https://opencollective.com/volteuropa
UI-Grid,1,https://opencollective.com/ui-grid
libre.sh,$250,https://opencollective.com/libresh
bundlephobia,11,https://opencollective.com/bundlephobia
{json:mvc},$170,https://opencollective.com/jsonmvc
JBot,7,https://opencollective.com/jbot
Обход блокировок Рунета,$92,https://opencollective.com/anticensority
graphql-php,1,https://opencollective.com/graphql-php
Sous-Chefs,€115,https://opencollective.com/sous-chefs
Hackers & Founders Quito,5,https://opencollective.com/hfquito
Sming,$163,https://opencollective.com/sming
pre-commit,9,https://opencollective.com/pre-commit
t-scroll,€162,https://opencollective.com/t-scroll
APlayer,8,https://opencollective.com/aplayer
colmena,$462,https://opencollective.com/colmena
Cobaye Community,3,https://opencollective.com/cobaye-community
react-slick,$149,https://opencollective.com/react-slick
tipbox,16,https://opencollective.com/tipbox
Iris,$346,https://opencollective.com/iris
InvoicePlane,2,https://opencollective.com/invoiceplane
Consciousness Hacking Palo Alto,$9,https://opencollective.com/chsv
docToolchain,9,https://opencollective.com/doctoolchain
Hexworks,$156,https://opencollective.com/hexworks
js-lingui,6,https://opencollective.com/js-lingui
arduino-nRF5,$169,https://opencollective.com/arduino-nrf5
sexy-bash-prompt,9,https://opencollective.com/sexy-bash-prompt
purgecss,$190,https://opencollective.com/purgecss
Strawberry Streets,3,https://opencollective.com/strawberrystreets
AVA,$162,https://opencollective.com/ava
Bootstrap,2,https://opencollective.com/bootstrap
EFQRCode,$0,https://opencollective.com/efqrcode
Falcon,7,https://opencollective.com/falcon
vanilla-rtb,$223,https://opencollective.com/vanilla-rtb
Pact Foundation,1,https://opencollective.com/pact-foundation
koin,$100,https://opencollective.com/koin
VCR,1,https://opencollective.com/vcr
Français à Londres,$135,https://opencollective.com/francais-a-londres1
RuiJi.Net,1,https://opencollective.com/ruijinet
Gridt,$135,https://opencollective.com/gridt
Remix,1,https://opencollective.com/remix
Groupe local du Brabant Wallon - En Marche.be,$135,https://opencollective.com/enmarchebrabantwallon
The Psychedelic Society,1,https://opencollective.com/psychedelicsuk
The Impact Fellowship,$135,https://opencollective.com/theimpactfellowship
Sarapis Collective,12,https://opencollective.com/sarapis
Reinventing Startups,$176,https://opencollective.com/reinventingstartups
JS.coach,4,https://opencollective.com/js-coach
mockk,$59,https://opencollective.com/mockk
Balanced,1,https://opencollective.com/balanced
Barba.js,€65,https://opencollective.com/barbajs
Sync,2,https://opencollective.com/sync
LCUI,$79,https://opencollective.com/lcui
cq-prolyfill,4,https://opencollective.com/cq-prolyfill
styled-icons,€95,https://opencollective.com/styled-icons
CsvHelper,8,https://opencollective.com/csvhelper
NSwag,€120,https://opencollective.com/nswag
cloudcmd,5,https://opencollective.com/cloudcmd
Ny Loharano Foundation,$150,https://opencollective.com/ny-loharano-foundation
1CE - 1Click Extensions,3,https://opencollective.com/1ce
Thrive Community Garden,$119,https://opencollective.com/thrive-community-garden
DPlayer,6,https://opencollective.com/dplayer
Zenject,$342,https://opencollective.com/zenject
cheton,4,https://opencollective.com/cheton
Officience,$416,https://opencollective.com/officience
Learning Lab,4,https://opencollective.com/learning-lab
typography.js,$95,https://opencollective.com/typographyjs
docker.io,12,https://opencollective.com/dockerio
