Project_Description,Budget,Website,GitHub Url,Twitter Url
webpack is THE build solution for modern web applications.,"$386,647",http://webpack.js.org/,,https://twitter.com/webpack
Babel is a compiler for writing next generation JavaScript,"$289,049",https://babeljs.io/,https://github.com/babel,https://twitter.com/babeljs
D√©veloppement d'outils de communication et d'organisation bas√©s sur le protocole Secure-Scuttlebutt (SSB) en France,"‚Ç¨85,106",https://assoaccess.fr/fr/,,
WWCode is a non-profit organization that inspires women to excel in technology careers.,"$146,204",https://twitter.com/wwcodeatl,,https://twitter.com/wwcodeatl
,"‚Ç¨131,194",http://www.codenplay.be/,,
WWCode is a global non-profit organization dedicated,"$117,384",http://womenwhocode.com/,,https://twitter.com/wwcode
React components that implement Google's Material Design.,"$100,229",https://github.com/mui-org/material-ui,,https://twitter.com/MaterialUI
WWCode is a global non-profit organization that inspires women to excel in technology careers.,"MX$54,534",http://womenwhocode.com/merida,,https://twitter.com/wwcodemid
This is the Open Source Collective. Consider supporting the open source projects directly or become a member of the Open Source Collective and support all projects.,"$67,482",,,
Sustain Summit 2018: A one-day event for Open Source sustainers,"$49,544",https://sustainoss.org/,,https://twitter.com/sustainoss
"A collectively-governed fund for the e-NABLE community, administered by Rochester e-NABLE Limited","$34,362",,,
,"MX$23,829",,,
"A global community exploring technology as a catalyst for psychological, emotional and spiritual flourishing.","$14,865",http://www.meetup.com/Consciousness-Hacking-San-Francisco/,,https://twitter.com/consciousnesshack
3kb alternative to React with the same ES6 API.,"$28,305",https://preactjs.com/,,https://twitter.com/preactjs
Women Who Code is the largest and most active global community of engineers dedicated to inspiring women to excel in technology careers.,"$27,985",https://www.womenwhocode.com/portland,,https://twitter.com/WWCodePortland
A progressive NodeJS framework for building efficient and scalable server-side applications,"$33,193",https://github.com/nestjs/nest,,https://twitter.com/nestframework
WWCode is a global non-profit organization that inspires women to excel in technology careers.,"CA$15,565",http://www.womenwhocode.com/toronto,,https://twitter.com/WomenWhoCodeTO
,"$36,053",https://github.com/vuejs/vue,,https://twitter.com/vuejs
Next Generation Web Apps,"$38,625",http://aurelia.io/,,https://twitter.com/AureliaEffect
Perkeep is your personal storage system for life.,"$31,800",https://perkeep.org/,,https://twitter.com/PerkeepOrg
A reasonably secure operating system,"$16,840",https://www.qubes-os.org/,,https://twitter.com/QubesOS
WWCode is a global non-profit organization that inspires women to excel in technology careers.,"$12,889",,,
"simple, flexible, fun javascript test framework for node.js & the browser.","$15,930",http://mochajs.org/,,
Beaker is an experimental Web browser with a peer-to-peer protocol for building decentralized websites and apps.,"$26,780",https://github.com/beakerbrowser/beaker,,https://twitter.com/BeakerBrowser
El mejor evento de JavaScript de la ciudad.,"MX$9,252",http://www.meetup.com/Guadalajara-JS/,,https://twitter.com/gdl_js
WWCode is a non-profit organization that inspires women to excel in technology careers.,"$3,220",https://www.womenwhocode.com/seattle,,https://twitter.com/wwcode-seattle
,"A$20,053",,,
,"CA$9,854",,,
Universal Vue.js Applications,"$31,550",https://github.com/nuxt/nuxt.js,,https://twitter.com/nuxt_js
The streaming build system.,"$15,870",http://gulpjs.com/,,https://twitter.com/gulpjs
"We veganize restaurants, people, parties.","‚Ç¨17,467",http://www.veganbrussels.com/,,
,"$14,985",https://github.com/phalcon/cphalcon,,
Shared tools should work.,"$21,544",http://rubytogether.org/,,https://twitter.com/rubytogether
An open source API layer for modern applications,"$16,178",https://feathersjs.com/,https://github.com/feathersjs,https://twitter.com/feathersjs
WWCode is a global non-profit organization that inspires women to excel in technology careers.,"$15,480",https://www.womenwhocode.com/sv,,https://twitter.com/wwc_sv
WWCode is a global non-profit organization that inspires women to excel in technology careers.,"MX$8,250",,,
,"$10,116",https://github.com/DestinyItemManager/DIM,,https://twitter.com/ThisIsDIM
,"$1,097",,,
Making the Internet Work the Way It Should for Anything Online,"$13,500",https://cloudflare.com/,,https://twitter.com/Cloudflare
Awesome Spring Boot + Angular/React application generator,"$15,966",https://www.jhipster.tech/,,https://twitter.com/java_hipster
The development environment you'll love to use,"$17,419",https://github.com/storybooks/storybook,,https://twitter.com/storybookjs
The Universal Viewer is a community-developed open source project on a mission to help you share your content with the world,"$18,724",https://github.com/UniversalViewer/universalviewer,,https://twitter.com/universalviewer
,"$8,117",,,
erxes Inc is an open source growth marketing platform,"$12,141",http://github.com/erxes/erxes,,https://twitter.com/ErxesHQ
Docker powered mini-Heroku in around 200 lines of Bash.,"$12,270",http://dokku.viewdocs.io/,,https://twitter.com/dokku
Ruby Together in Open Source Collective,"$23,015",,,
The JavaScript module bundler,"$12,607",https://github.com/rollup/rollup,,https://twitter.com/rollupjs
WWCode is a global non-profit organization that inspires women to excel in technology careers.,"¬£6,067",https://twitter.com/WWCBelfast,,https://twitter.com/WWCBelfast
Annual regional Drupal event in the Pacific Northwest,"$10,340",https://pnwdrupalsummit.org/,,https://twitter.com/drupalsummit
Rails Girls Atlanta empowers women of all skill levels improving their software development knowledge using Ruby and Rails.,$988,http://meetup.com/rails-girls-atlanta,,https://twitter.com/railsgirlsatl
"A highly scalable, offline-first foundation with the best developer experience and a focus on performance and best practices.","$2,205",http://www.reactboilerplate.com/,,
The transparent reactive programming library,"$14,441",https://github.com/mobxjs/mobx,,
Technovation M√©xico ayuda a mujeres j√≥venes desarrollar las habilidades necesarias para convertirse en emprendedoras tecnol√≥gicas y l√≠deres.,"MX$6,073",https://technovationmx.org/,,https://twitter.com/Technovation_MX
A functional and reactive JavaScript framework.,"$3,112",http://cycle.js.org/,,https://twitter.com/cyclejs
,"$12,467",https://ngrx.io/,https://github.com/ngrx/platform,https://twitter.com/ngrx_io
,"$12,625",https://github.com/bbatsov/rubocop,,
WWCode is a global non-profit organization that inspires women to excel in technology careers.,"$9,098",https://twitter.com/wwcodetaipei,,https://twitter.com/wwcodetaipei
Making it easy for software professionals and hobbyists to share and collaborate so we can collectively grow and make Burlington VT the tech center of Vermont and New England.,"$9,442",http://burlingtoncode.org/,,
,"$9,000",https://www.heliumgrant.org/,,
"Build cross platform desktop apps with JavaScript, HTML, and CSS","$14,902",https://electronjs.org/,https://github.com/electron,https://twitter.com/electronjs
"The ParsePlatform collective, maintainers of open source Parse.","$10,515",https://github.com/parse-community,,https://twitter.com/ParsePlatform
,"‚Ç¨4,283",,,
"A simple, blog-aware static site generator.","$18,731",https://github.com/jekyll/jekyll,,https://twitter.com/jekyllrb
üÉèDelightful JavaScript Testing,"$23,977",https://facebook.github.io/jest/,,https://twitter.com/fbjest
WWCode is a non-profit organization that inspires women to excel in technology careers.,"$1,103",https://www.womenwhocode.com/twin-cities,,https://twitter.com/wwcodetc
,"$11,495",https://github.com/bower/bower,,https://twitter.com/bower
,"$6,718",https://www.gatsbyjs.org/,,https://twitter.com/Gatsbyjs
Be Coworking | the Association of Coworking Spaces in Belgium,‚Ç¨0,http://www.becoworking.be/,,https://twitter.com/becoworkingbe
WWCode is a non-profit organization that inspires women to excel in technology careers.,"$8,038",http://www.meetup.com/WomenWhoCodeNYC/,,https://twitter.com/wwcodenyc
Hacknights for everyone!,"$7,902",http://civictech.ca/,,https://twitter.com/civictechto
,"$8,470",http://github.com/reactiveui/ReactiveUI,,https://twitter.com/reactivexui
client-side internet transfers,"$8,173",https://curl.haxx.se/,,
WWCode is a global non-profit organization that inspires women to excel in technology careers.,"$3,825",https://twitter.com/wwcbirmingham,,https://twitter.com/wwcbirmingham
The WordPress Sydney Meetup is for any WordPress user from new to experienced to get together and discuss all things WordPress.,A$0,https://twitter.com/wpsyd,,https://twitter.com/wpsyd
"Asciidoctor is a comprehensive, user-friendly publishing toolchain for converting AsciiDoc content to HTML5, DocBook, PDF, and other formats.","$7,652",http://asciidoctor.org/,,https://twitter.com/asciidoctor
A plugin for integration of SAP Hybris platform with JetBrains Intellij IDEA,"$7,710",https://github.com/AlexanderBartash/hybris-integration-intellij-idea-plugin,,https://twitter.com/ideaHybris
WordPress development and production servers done right,"$6,584",https://roots.io/,,https://twitter.com/rootswp
social.coop: a coop-run corner of the fediverse with a co-operative and transparent approach to operating a social platform,"$5,242",https://social.coop/,,
Boostnote is an open source note-taking app for programmers.,"$6,113",http://github.com/BoostIO/Boostnote,,https://twitter.com/Boostnoteapp
Young leaders dedicated to improving our community!,"$4,144",http://www.sfshapers.com/,,https://twitter.com/sfglobalshapers
"When everyone talks about change, you make it happen! 14 workshops to reinvent your city in English / French / Dutch. September 22 - 23","‚Ç¨6,138",https://fearlesscities.webrussels.org/,,https://twitter.com/fearlessbxl
"This group is geared towards WordPress enthusiasts in the areas of: development, design, blogging and content management.","$2,115",https://www.meetup.com/wordpress-sf/,,https://twitter.com/wpsfo
The Scientific Python Development Environment,"$6,693",https://www.spyder-ide.org/,,https://twitter.com/Spyder_IDE
,"$3,131",https://github.com/redux-saga/redux-saga,,
Dark theme for every website,"$6,626",https://github.com/darkreader/darkreader,,https://twitter.com/darkreaderapp
"The ADUG is a gathering of Drupal users in the Austin, Texas area.","$5,888",https://www.meetup.com/Austin-Drupal-Users-Group/,,https://twitter.com/DrupalATX
The leading ODM for Node.js and MongoDB,"$10,598",http://mongoosejs.com/,,https://twitter.com/mongoosejs
WWCode is a non-profit organization that inspires women to excel in technology careers.,"$3,873",https://www.womenwhocode.com/dc,,https://twitter.com/wwcodedc
WordPress starter theme with a modern development workflow,"$5,698",https://roots.io/,,https://twitter.com/rootswp
WWCode is a global non-profit organization that inspires women to excel in technology careers.,"$5,693",,,
,,,,
Easy to Maintain Open Source Documentation Websites,"$11,258",https://docusaurus.io/,,https://twitter.com/docusaurus
An online editor tailored for web application development,"$6,416",https://github.com/CompuIves/codesandbox-client,,https://twitter.com/codesandboxapp
"D is a general-purpose programming language with static typing, systems-level access, and C-like syntax.","$6,117",http://dlang.org/,,https://twitter.com/D_Programming
Building a bridge between formats,"$27,422",http://unified.js.org/,https://github.com/unifiedjs/unified,https://twitter.com/unifiedjs
Botkit is the most popular open source framework for building bots,"$5,985",https://www.botkit.ai/,,https://twitter.com/botkitstudio
,"$4,036",https://github.com/clojure-emacs/cider,,
Spread a new message in the (old/new) media about taking action as citizens instead of trying to fix old institutions.,"‚Ç¨5,118",http://brusselstogether.org/,,https://twitter.com/brutogether
"WeBrussels brings a new model of democracy to Brussels - making it as easy as possible for any citizen to put forward their ideas, concerns and proposals, have them collectively discussed and empowered through participation in formal city elections.","‚Ç¨5,174",http://www.webrussels.org/,,https://twitter.com/gcgserodio
,"$5,296",https://github.com/rspec/rspec,,
A toolkit for creating data-driven stories and explorable explanations.,"$4,872",https://idyll-lang.org/,https://github.com/idyll-lang,https://twitter.com/idyll_lang
Creating modular server side software with Swift.,"$3,210",http://vapor.codes/,,https://twitter.com/codevapor
"ORM for TypeScript and JavaScript (ES7, ES6, ES5). Supports MySQL, PostgreSQL, MariaDB, SQLite, MS SQL Server, Oracle, WebSQL databases. Works in NodeJS, Browser, Ionic, Cordova and Electron platforms.","$7,442",http://typeorm.io/,https://github.com/typeorm/typeorm,https://twitter.com/typeormjs
,"$10,910",https://github.com/socketio/socket.io,,
Fablab sonore au service des acteurs culturels bruxellois,"‚Ç¨4,616",https://makeitsound.be/,,
Making the arts a vital part of young people's lives.,"$1,197",http://artandfilm.org/,,
cute little browser framework that makes functional architectures fun,"$1,645",https://github.com/choojs/choo,,
HTTP mocking and expectations library for Node.js,"$4,593",https://github.com/node-nock/nock,,https://twitter.com/nodenock
A JavaScript / Python / PHP library for cryptocurrency trading and e-commerce with support for many bitcoin/ether/altcoin exchange markets and merchant APIs.,"$8,836",http://ccxt.trade/,,
"üì¶üöÄ Blazing fast, zero configuration web application bundler","$6,376",http://parceljs.org/,,https://twitter.com/parceljs
,"$4,500",https://github.com/MikeMcl/big.js,,
Full Stack Web Dev & Cloud Engineer @mindeskvr. Tech and videogame enthusiast. Inspired by minimalist design.,"$4,500",https://github.com/foxhound87/mobx-react-form,,https://twitter.com/foxhound87
Minimal AWS Lambda function manager with Go support.,"$1,748",http://apex.run/,,
"Leveling up the data science community and bringing you high quality DS workshops, panels and lightning talks since 2012.",$0,,,
An interview series featuring the builders of developer products.,$255,https://betweenthewires.org/,,https://twitter.com/betweenthewires
WWCode is a global non-profit organization that inspires women to excel in technology careers.,"$4,264",,,
,"$4,896",http://nerves-project.org/,,https://twitter.com/nervesproject
,"‚Ç¨3,250",,,
Learn software development collaboratively.,MX$0,http://softcraft.mx/,,https://twitter.com/solojavier
Tech superheroes using our powers for good.,"$1,015",https://ragtag.org/,,https://twitter.com/ragtag_team
,"$2,919",https://github.com/zodern/meteor-up,,
WWCode is a global non-profit organization that inspires women to excel in technology careers.,"‚Ç¨2,438",https://twitter.com/wwcodeberlin,,https://twitter.com/wwcodeberlin
The modern and fast open source flat-file CMS,"$2,604",https://getgrav.org/,https://github.com/getgrav,https://twitter.com/getgrav
#ZeroKnowledge; Realtime Collaboration; XWiki Labs; ‚úä‚ù§,"‚Ç¨4,259",https://github.com/xwiki-labs/cryptpad,,https://twitter.com/cryptpad
Create PDF files using React,"$6,869",https://github.com/diegomura/react-pdf,,
A complete backend for web applications.,$628,http://hood.ie/,,https://twitter.com/hoodiehq
,"$2,461",https://indieweb.org/,,https://twitter.com/indiewebcamp
,"$2,066",http://github.com/apex/up,,
Nos dedicamos a inspirar inspirar a m√°s mujeres a ser parte y destacar en carreras del mundo tecnol√≥gico.,"MX$2,643",http://www.meetup.com/Women-Who-Code-Mexico-City/,,https://twitter.com/wwcodedf
The Sound Doctors repair audio material anywhere in Brussels.,"‚Ç¨3,752",https://makeitsound.be/,,
"We bring together music lovers, artists, makers and cyclists in Brussels and make durable mobile sound systems to facilitate the distribution of music in the city.","‚Ç¨3,158",http://lajacqueline.be/,,
WWCode is a global non-profit organization that inspires women to excel in technology careers.,"¬£1,813",https://twitter.com/wwclondon,,https://twitter.com/wwclondon
"The .NET MVVM framework for cross-platform solutions, including Xamarin.iOS, Xamarin.Android, Windows and Mac.","$2,643",https://github.com/MvvmCross/MvvmCross,,https://twitter.com/MvvmCross
"Trusted digital governance for small communities, corporations, large cities & whole nations.","$1,833",http://democracy.earth/,,https://twitter.com/DemocracyEarth
,"$3,561",https://github.com/duplicati/duplicati,,
,"$3,531",,,
Belgian cryptocurrency movement,"‚Ç¨3,528",http://www.befranck.be/,,https://twitter.com/befrankbfr
WWCode is a non-profit organization that inspires women to excel in technology careers.,"$2,591",http://www.meetup.com/Women-Who-Code-SF,,https://twitter.com/wwcodesf
,"$2,991",,,
,"$2,150",https://github.com/SixLabors/ImageSharp,,https://twitter.com/sixlabors
WWCode is a global non-profit organization that inspires women to excel in technology careers.,"$3,446",https://www.womenwhocode.com/boston,,https://twitter.com/wwcboston
WWCode is a non-profit organization that inspires women to excel in technology careers.,"$2,737",https://twitter.com/wwcodebd,,https://twitter.com/wwcodebd
,"$3,503",https://github.com/ElemeFE/element,,
"Flarum is next-generation forum software that is simple, fast & free.","$3,555",http://flarum.org/,,https://twitter.com/Flarum
Visual primitives for the component age. Use the best bits of ES6 and CSS to style your apps without stress üíÖ,"$5,443",https://github.com/styled-components/styled-components,,
"This group is for Drupal Users and Developers in Sydney, Australia.","$3,248",https://www.meetup.com/drupalsydney/,,
Developer Tools to power-up Redux development workflow or any other architecture which handles the state change. It helps to boost the developer‚Äôs productivity significantly and makes the development fun.,"$2,138",https://github.com/zalmoxisus/redux-devtools-extension,,
,"$2,300",https://github.com/react-native-training/react-native-elements,,
We are Unconditional Basic Income Europe.,"‚Ç¨1,487",http://basicincome-europe.org/ubie/,,https://twitter.com/basicincomeEU
,"$1,137",http://codefor.miami/,https://github.com/code-for-miami,https://twitter.com/codeformiami
"Streetmix is a browser-based interactive tool that lets you design, remix, and share your neighborhood street. Add trees or bike paths, widen sidewalks or traffic lanes, and learn how your decisions can impact your community.","$2,142",http://streetmix.net/,,https://twitter.com/streetmix
Impact.tech is a community focused on solving world's biggest problems with technology.,$351,http://impact.tech/,,https://twitter.com/impactdottech
Pour la transparence du lobbying des industries de sant√©.,"‚Ç¨3,032",http://eurosfordocs.fr/,,https://twitter.com/eurosfordocs
We meet and discuss Django every month,"¬£3,891",http://www.djangolondon.com/,https://github.com/djangolondon,https://twitter.com/djangolondon
,"$1,612",https://github.com/tachyons-css/tachyons,,https://twitter.com/tachyons_css
,"$1,468",https://github.com/anmonteiro/lumo,,
"We are the maintainers of Tabula, the only free, open-source tool for liberating data trapped inside PDF files.","$1,543",http://tabula.technology/,,https://twitter.com/tabulapdf
"Nous sommes dissemblables, et nous sommes un mouvement. Nous portons un diagnostic partag√©, que chacun d‚Äôentre nous exprime avec ses propres mots, en fonction de son √©quation personnelle. Et c‚Äôest tant mieux !",‚Ç¨0,https://www.facebook.com/groups/les100barbares/,,https://twitter.com/100barbares
Nodemon is a utility that will monitor for any changes in your source and automatically restart your server. Perfect for rapid development.,"$2,876",https://github.com/remy/nodemon,,https://twitter.com/rem
libpostal is a C library for parsing/normalizing street addresses around the world,"$2,500",https://github.com/openvenues/libpostal,,
,"$2,958",,,
,"$1,658",https://github.com/splitrb/split,,
,"$3,419",https://github.com/neuecc/UniRx,,
Network Monitoring Solution,"$3,068",https://github.com/librenms/librenms,,https://twitter.com/LibreNMS
You can make a difference to end homelessness,"‚Ç¨5,112",http://www.huneeds.be/,,
WWCode is a global non-profit organization that inspires women to excel in technology careers.,"$2,664",https://twitter.com/WWCode_Recife,,https://twitter.com/WWCode_Recife
Advanced geospatial analysis for browsers and Node.js,"$2,696",http://turfjs.org/,,https://twitter.com/turfjs
"KLWN Pride will be holding the first ever Pride Parade through King‚Äôs Lynn, Norfolk, UK on 18th August in 2018","¬£2,628",https://twitter.com/KLWNPride,,https://twitter.com/KLWNPride
A powerful templating engine for node.js and the browser,"$2,732",https://github.com/pugjs/pug,,https://twitter.com/pug_js
,"$3,418",https://github.com/sinonjs/sinon,,https://twitter.com/sinon_js
Tracking influencers' opinions,"¬£1,770",https://agreelist.org/,,
,"$3,049",https://bitfocus.io/companion,,
Asheville Drupal User Group and Drupal Camp Asheville,"$2,547",https://www.drupalasheville.com/,,https://twitter.com/drupalasheville
,"$2,455",,,
Create better NPM modules.,$781,http://www.kriasoft.com/babel-starter-kit,,
Effortless custom elements for modern view libraries.,$919,http://skatejs.netlify.com/,,https://twitter.com/skate_js
Constructive journalism about new power initiatives,"‚Ç¨3,250",https://thenewcitizen.co/,,https://twitter.com/newcitizenmedia
Community formed by women and men who generate Technology in search of knowledge and inclusion of women in the IT world.,"MX$1,041",http://techwo.org/,,https://twitter.com/t3chwo
The open collective community.,"$2,362",,,
The Bincrafter's Packaging Project,"$6,101",http://bincrafters.github.io/,,https://twitter.com/bincrafters
Pooling money to give people who need it a free ride to go out and vote in November üöï‚úçÔ∏èüó≥‚úì‚úåÔ∏è,$0,https://opencollective.com/FreeRideToVote,,https://twitter.com/FreeRideToVote
Code for Denver is a volunteer organization working on tech projects to help the community-driven efforts,"$2,323",http://codefordenver.org/,,https://twitter.com/CodeForDenver
"React Native Firebase is a well tested, feature rich Firebase implementation for React Native, supporting both iOS & Android platforms for 15+ Firebase modules","¬£2,793",http://rnfirebase.io/,,https://twitter.com/rnfirebase
"Le MIcro Mobility Center est le premier centre europ√©en d‚Äôinformation, d‚Äô√©ducation, d‚Äôexpertise et de mise √† disposition d‚Äôengins de micro mobilit√©.","‚Ç¨2,242",http://www.mimoc.org/,,
Next generation tool for building templates without coding,"$2,926",https://github.com/artf/grapesjs,,https://twitter.com/grapesjs
Run multiple websites using the same Laravel installation while keeping tenant specific data separated for fully independent multi-domain setups.,"‚Ç¨2,675",http://laravel-tenancy.com/,,https://twitter.com/laraveltenancy
Your Own URL Shortener,"$1,502",https://github.com/YOURLS/YOURLS,,https://twitter.com/yourls
,"$1,464",https://github.com/cxxxr/lem,,
,"$2,021",http://internetfreedomfestival.org/,,https://twitter.com/InternetFF
Put Forward the zero waste spirit for babies & children,"‚Ç¨1,856",http://www.greenmebaby.com/,,
,$175,http://www.internetfreedomfestival.org/,,https://twitter.com/internetff
Untangle your GitHub notifications,"$3,135",https://octobox.io/,https://github.com/octobox,https://twitter.com/octoboxio
A distributed and secure peer to peer social network,"$3,330",http://scuttlebutt.nz/,,
WWCode is a global non-profit organization that inspires women to excel in technology careers.,"¬£1,276",https://twitter.com/wwcbristol,,https://twitter.com/wwcbristol
WWCode is a global non-profit organization that inspires women to excel in technology careers.,"$1,651",https://twitter.com/wwcodedfw,,https://twitter.com/wwcodedfw
"We host lessons, classes, and swing dances. Worker-owned nonprofit. HQ in Olympia, Washington, United States.","$2,019",https://swing.dance.coop/,,
,$260,https://github.com/sahat/satellizer,,
Giving back to open source for the holidays,"$1,519",http://24pullrequests.com/,,https://twitter.com/24pullrequests
Task Queue,"$2,250",https://github.com/celery/celery,,https://twitter.com/celeryq
Cross-platform Node.js BLE,$334,https://github.com/noble,,
Radarr provides an excellent automated movie experience.,"$2,250",https://radarr.video/,,
Silhouette is a framework agnostic authentication library for Scala applications,$189,https://github.com/mohiva/play-silhouette,,
,‚Ç¨0,,,
WWCode is a global non-profit organization that inspires women to excel in technology careers.,"$1,767",https://twitter.com/wwcodebangalore,,https://twitter.com/wwcodebangalore
,"$1,790",https://github.com/flowtype/flow-for-vscode,,
Simple and elegant component-based UI library #javascript,"$1,034",https://github.com/riot/riot,,https://twitter.com/riotjs_
,‚Ç¨899,,,
"API creation made simple, secure and fast.","$1,917",https://github.com/strapi/strapi,,https://twitter.com/strapijs
Connecting open source & design! üé®,$768,https://opensourcedesign.net/,https://github.com/opensourcedesign,https://twitter.com/opensrcdesign
"Simple, elegant, Pythonic functional programming.","$1,731",http://coconut-lang.org/,,https://twitter.com/EvanHub
"Fast, flexible, and lean implementation of core jQuery designed specifically for the server","$1,679",http://cheerio.js.org/,,
,"$1,303",https://github.com/HospitalRun,,https://twitter.com/hospitalrun
,"‚Ç¨1,100",,,
The web's scaffolding tool for modern webapps,"$1,299",http://yeoman.io/,,https://twitter.com/yeoman
,"$1,568",http://pdxnode.org/,,https://twitter.com/PDXnode
WWCode is a global non-profit organization that inspires women to excel in technology careers.,"$1,545",,,
Fast and Elegant Scraping Framework for Golang,"$1,567",http://go-colly.org/,,
Lightweight code hosting solution written in Go,"$2,637",http://gitea.io/,,https://twitter.com/giteaio
A free and open database for farming and gardening knowledge. You can grow anything!,$661,https://openfarm.cc/,,https://twitter.com/openfarmcc
"Popular boilerplate (seed) project for creating web apps with React, Relay, and GraphQL",$9,https://github.com/kriasoft/react-firebase-starter,,https://twitter.com/ReactStarter
We are Serverless Meetups.,$0,https://www.meetup.com/Serverless/,,
WWCode is a global non-profit organization that inspires women to excel in technology careers.,"$1,444",,,
WWCode is a global non-profit organization that inspires women to excel in technology careers.,"$1,435",https://twitter.com/wwcode_tokyo,,https://twitter.com/wwcode_tokyo
,$0,,,
WWCode is a global non-profit organization that inspires women to excel in technology careers.,"$1,371",https://twitter.com/wwcodegville,,https://twitter.com/wwcodegville
Full-stack Node.js & Angular webapp generator,$448,https://github.com/angular-fullstack/generator-angular-fullstack,,
Convening social enterprise and tech sector in New Zealand to collaborate and explore tech as an enabler of social impact,"NZ$1,395",https://www.meetup.com/Tech-for-Good-New-Zealand/,,https://twitter.com/techforgoodnz
,"$1,233",https://github.com/NekR/offline-plugin,,
,"$1,077",https://github.com/bvaughn/react-virtualized,,
Extensible tool for weaving .net assemblies,"$6,725",https://github.com/Fody,https://github.com/Fody,https://twitter.com/FodyProject
,"$1,455",,,
WWCode inspires women to excel in technology careers.,"$1,317",https://www.womenwhocode.com/delhi,,https://twitter.com/wwcode_delhi
Free software web platform development cooperative,"$1,314",https://novawebdevelopment.org/,,
"The recommended CDN for Bootstrap, Font Awesome and Bootswatch.","$1,313",https://www.bootstrapcdn.com/,,https://twitter.com/getbootstrapcdn
"Be the media, know the media, change the media","¬£1,727",https://bettermedia.uk/,,https://twitter.com/bettermediauk
The Open Chemistry organization is an umbrella of multiple open source chemistry projects participating in Google Summer of Code,"$1,306",http://openchemistry.org/,,https://twitter.com/openchem
,"$1,367",https://github.com/VulcanJS/Vulcan,,
The super welcoming community of developers in Charlotte,"$1,633",https://www.meetup.com/charlottedevs/,,https://twitter.com/charlottedevs
WWCode is a global non-profit organization that inspires women to excel in technology careers.,"‚Ç¨1,051",https://twitter.com/wwcodedublin,,https://twitter.com/wwcodedublin
GoSublime is a collection of Sublime Text plugins for Go development.,"$1,414",https://github.com/DisposaBoy/GoSublime,,
,$432,https://github.com/react-toolbox/react-toolbox,,
,$595,http://verdigrismusic.org/,,https://twitter.com/verdigrisensemb
Empowering community cooperation for a fair and sustainable future in Western North Carolina.,"$1,128",http://www.meetup.com/AVL-Futures/,,
"The Drupal community in, and around, Utah.","$1,561",http://drupalutah.org/,,https://twitter.com/drupalutah
"Concise, consistent, and legible badges‚Ä¶ in a readme near you.","$1,557",https://github.com/badges/shields,,https://twitter.com/Shields_io
,$0,http://foodforthoughtargentina.org/,,https://twitter.com/_F_4_T_
WWCode is a global non-profit organization that inspires women to excel in technology careers.,"$1,193",https://twitter.com/wwcodeaccra,,https://twitter.com/wwcodeaccra
Fact-checking collaboratif en temps r√©el,"‚Ç¨2,475",https://captainfact.io/,https://github.com/CaptainFact,https://twitter.com/CaptainFact_io
,"$2,641",https://github.com/nim-lang/Nim,,
100% community-built,"$1,066",https://github.com/codebuddies/codebuddies,,https://twitter.com/codebuddiesmeet
La Primaire Ouverte pour les √©lections Pr√©sidentielles de 2017,‚Ç¨135,http://laprimaire.org/,,https://twitter.com/democratech
Module for Node.js applications to allow easy as cake email sending,"$1,355",https://nodemailer.com/about/,,https://twitter.com/NodemailerJS
WWCode is a global non-profit organization that inspires women to excel in technology careers.,"$1,118",https://twitter.com/WWCodeVinnytsia,,https://twitter.com/WWCodeVinnytsia
"GENIE is a community funded organization that exists to help Columbia River Gorge communities navigate change, together. We design a public network map and collaborative events to make key information more readily available to those who need it.",$396,https://www.gorge-genie.org/,,
We meet regularly in San Francisco and sometimes beyond to discuss how tech is used for social change,"$1,086",http://www.sftech4good.org/,,https://twitter.com/sftech4good
,‚Ç¨0,,,
,"$1,058",https://github.com/WebReflection/document-register-element,,
A powerful library for creating user interfaces by writing reactive HTML templates.,$170,http://blazejs.org/,,
MahApps.Metro is a framework that allows developers to cobble together a Metro or Modern UI for their own WPF applications with minimal effort.,"$1,597",https://mahapps.com/,https://github.com/MahApps/MahApps.Metro,https://twitter.com/punker76
WWCode is a global non-profit organization that inspires women to excel in technology careers.,A$560,https://twitter.com/wwcsyd,,https://twitter.com/wwcsyd
Allure Framework is a flexible lightweight multi-language test report tool,$948,http://allure.qatools.ru/,,https://twitter.com/QametaSoftware
Next generation web framework for node.js,$450,http://koajs.com/,,
"Tech4Good SWFL brings together nonprofits and activists, tech leaders and funders, and everyone who's interested in using technology for social change.","$1,224",http://tech4goodswfl.org/,,https://twitter.com/t4swfl
"Whether you're an experienced Drupalist, or you've just heard about Drupal from a friend, the STLDUG's monthly meetups aim to be a place where people from all backgrounds can come and learn more about various topics related to Drupal.","$1,026",https://www.meetup.com/drupalstl/,,https://twitter.com/drupalstl
WWCode is a global non-profit organization that inspires women to excel in technology careers.,A$540,https://twitter.com/wwcodebrisbane,,https://twitter.com/wwcodebrisbane
WWCode is a global non-profit organization that inspires women to excel in technology careers.,"$1,000",,,
"OpenMined is an open-source community focused on researching, developing, and promoting tools for secure, privacy-preserving, value-aligned artificial intelligence.","$1,143",https://www.openmined.org/,,https://twitter.com/openminedorg
A lightweight library for converting complex objects to and from simple Python datatypes.,"$1,299",,https://github.com/marshmallow-code,
,$990,https://gitlab.com/scion-scxml,,
Creating worldwide visibility for social businesses through film production and story telling.,"‚Ç¨1,414",https://instagram.com/azsocialbusiness,,
Phenomic is a modern & modular website compiler,$155,https://phenomic.io/,,https://twitter.com/Phenomic_app
Spread ideas unTeal the world changes !,"‚Ç¨1,119",http://reinventingorganizationswiki.com/,,
Modal editing for the future,"$1,051",http://onivim.io/,,https://twitter.com/oni_vim
,"‚Ç¨1,034",http://www.burgerlijst.be/,,https://twitter.com/burgerlijst
,$943,,,
"Next generation markdown editor, running on platforms of MacOS Windows and Linux.","$2,158",https://github.com/marktext/marktext,,https://twitter.com/marktext_
"An open source, modern and powerful wiki application built on Node.js, Git and Markdown.","$1,645",http://www.requarks.io/,,https://twitter.com/requarks
A free gathering for developers to share their knowledge on all technology topics.,$921,http://www.bostoncodecamp.com/,,https://twitter.com/BostonCodeCamp
"We're mostly a meet up, sometimes a hack day, sometimes a party with the python and ruby people.",¬£942,http://jsoxford.com/,,https://twitter.com/JSOxford
A revolutionary and 100% standard way to define reactive DOM content.,"$1,092",https://viperhtml.js.org/,,https://twitter.com/WebReflection
,$758,https://github.com/Marak/faker.js,,
Women supporting women,‚Ç¨886,http://www.gentlewomensclub.eu/,,https://twitter.com/GWCBxl
Inspiring the Next Generation of Social Entrepreneurs!,$879,http://www.theimpactfellowship.com/,,
Open Source Mobile Communications,"‚Ç¨4,304",https://osmocom.org/,,
La page de nos activit√©s et nos d√©penses,‚Ç¨916,https://twitter.com/Open_coParis,,https://twitter.com/Open_coParis
The most popular open source electronic health records and medical practice management solution.,$807,http://open-emr.org/,,https://twitter.com/openemr
,¬£457,,,
,"$1,063",https://github.com/poooi/poi,,
Por que la realidad tambi√©n es hackeable,"MX$2,002",http://makersgdl.com/,,https://twitter.com/Makers_GDL
JSS is an authoring tool for CSS which uses JavaScript as a host language.,"$1,026",https://github.com/cssinjs/jss,,https://twitter.com/oleg008
Chai is a BDD / TDD assertion library for node and the browser that can be delightfully paired with any javascript testing framework.,"$1,033",http://chaijs.com/,,
,"$1,529",https://github.com/AvaloniaUI/Avalonia,,
"Simply Secure supports practitioners in putting people at the center of trustworthy technology. We provide professional education for user experience designers, researchers, and developers working on privacy, security, transparency, and ethics.",$892,https://simplysecure.org/underexposed/,https://github.com/simplysecure,https://twitter.com/simplysecureorg
Simplifies creation of HTML files with Webpack,"$1,058",https://github.com/jantimon/html-webpack-plugin,,
"ORY is a software company building specialised, developer-friendly, security-focused open source software.","$1,054",https://www.ory.sh/,,
,$827,,,
Readline is a pure go(golang) implementation for GNU-Readline kind library,$8,https://github.com/chzyer/readline,,
,$621,https://github.com/mrbigmouth/acgn-stock,,
GraphQL server permissions as another abstraction layer of logic.,"$1,182",https://github.com/maticzav/graphql-shield,,
Thessaloniki Java Meetup,‚Ç¨792,https://www.meetup.com/Thessaloniki-Java-Meetup-Group,,https://twitter.com/skg_jug
Build your idea faster.,$773,https://tessel.io/,,https://twitter.com/tesselproject
UK host for Open Collectives,¬£750,https://opencollective.com/uk,,https://twitter.com/OpenCollect_UK
,$24,https://github.com/ax5ui/ax5ui-kernel,,
We're an independent alumni network for the Fisk-Vanderbilt Master's-to-PhD Bridge Program,$924,http://fvbran.org/,,https://twitter.com/fvbran
,"$3,226",https://github.com/davidkpiano/xstate,https://github.com/davidkpiano/xstate,
"Pony is an object-oriented, actor-model, capabilities-secure, high performance programming language.","$3,757",https://github.com/ponylang/ponyc,,https://twitter.com/ponylang
WWCode is a global non-profit organization that inspires women to excel in technology careers.,$695,,,
"Open-Source Static Site CMS available for Windows, MacOs and Linux","$1,689",https://github.com/GetPublii/Publii,,https://twitter.com/GetPublii
Transform SVGs into React components ü¶Å,"$2,063",https://github.com/smooth-code/svgr,,
A Java library that enables cross-platform access to popular native libraries.,"$1,015",https://www.lwjgl.org/,,https://twitter.com/LWJGL
,$676,https://github.com/OJ/gobuster,,
,$341,https://github.com/fuse-box/fuse-box,,
,$67,https://github.com/react-native-community/react-native-camera,,
WWCode is a global non-profit organization that inspires women to excel in technology careers.,$637,,,
,$652,https://github.com/lynndylanhurley/devise_token_auth,,
A social network off the grid,"‚Ç¨2,469",https://manyver.se/,,https://twitter.com/manyver_se
,$656,https://github.com/AudioKit/AudioKit,,
"An open, extensible, molecular visualization and building tool",$619,http://avogadro.cc/,,https://twitter.com/AvogadroChem
Behaviour Driven Development tool,$443,https://github.com/cucumber/cucumber,,https://twitter.com/cucumberbdd
,$715,https://github.com/streamlink/streamlink,https://github.com/streamlink/streamlink,
,$619,https://github.com/jsbin/jsbin,,
"An open-source Python developer group based out of Ann Arbor, Michigan",$750,http://bit.ly/join-mipy,,https://twitter.com/MichiganPython
,$519,https://github.com/bootstrap-vue/bootstrap-vue,,https://twitter.com/bootstrapvue
WWCode is a global non-profit organization that inspires women to excel in technology careers.,$524,https://twitter.com/wwcode_eastbay,,https://twitter.com/wwcode_eastbay
Openwhyd - The community of music lovers,$361,https://github.com/openwhyd/openwhyd,,https://twitter.com/open_whyd
"OSCurrency (short for ‚Äúopen source currency‚Äù) is a user-driven, open source platform to help communities build their own customizable economic networks using mutual credit cooperative transactions.",$601,http://oscurrency.org/,,https://twitter.com/oscurrency
Sharing holistic approaches to living in balance,$117,http://cultureseed.org/,,
We are on a mission to create a new generation of association transparent by design,$212,https://opencollective.com/,,https://twitter.com/opencollect
REconomy practitioners: supporting regenerative entrepreneurs and community organisers worldwide to spread ideas that work.,"‚Ç¨1,041",http://www.artoftransition.org/en/activities/reconomy,,
"La prima campagna, trasparente e dal basso, nata per dare una risposta concreta alle criticit√† ambientali lucane.",‚Ç¨209,http://analizebasilicata.altervista.org/,,https://twitter.com/PuntoebastaBas
The professional publishing platform,$418,https://github.com/TryGhost/Ghost,,https://twitter.com/TryGhost
Co-Labs is a non profit association who is working on citizens and Open-Source projects.,‚Ç¨479,http://www.co-labs.be/,,
"A local group of DiEM25 volunteers, doing their part for democratising Europe!",‚Ç¨560,http://diem25.be/home/,,https://twitter.com/https://twitter.com/Diem25Belgium
"We are a new and unique global network of weather presenters, and we don't want anyone to die because of the changing weather.",‚Ç¨570,http://climatewithoutborders.org/,,https://twitter.com/CLIMATEwBORDERS
AAC communication board with text-to-speech for the browser in 33 languages,$526,http://www.cboard.io/,,https://twitter.com/cboard_io
We‚Äôre a team of volunteers hosting free #Tech4Good workshops for nonprofits.,CA$526,http://www.meetup.com/net2van,,https://twitter.com/net2van
Civic Innovation Network,‚Ç¨20,https://civicinnovation.network/,,https://twitter.com/civic_net
"Crispy, file-specific vector icons for improved visual grepping.","$1,042",https://github.com/file-icons/atom,,
"Data Pioneers is a glob al forum for data leaders to meet, learn and network.",‚Ç¨533,https://twitter.com/DataTechTalk,,https://twitter.com/DataTechTalk
Inferno is a high-performance javascript library for building user interfaces.,$645,https://github.com/infernojs/inferno,,
,$550,,,
"Since 1981 our work has been vital to the infrastructure of our modern world. Network Time Foundation, a 501(c)(3) public benefit organization, develops, produces and maintains the most widely-used open-source precision time software.",$508,http://www.nwtime.org/,,https://twitter.com/NetworkTimeFnd
Persistence and mapping toolkit for Ruby,$529,https://github.com/rom-rb/rom,,https://twitter.com/rom_rb
.NET Game Server Plugin Framework,$507,https://rocketmod.net/,,https://twitter.com/RocketMod
"We reward people for not texting while driving, gamifying road safety.",$338,http://www.foynt.com/,,https://twitter.com/foynt
,$0,,,
,‚Ç¨482,https://www.facebook.com/GlobalChallengesCollaboration,,
,$28,https://github.com/CommonGarden/Grow-IoT,,
"SVG animation tool for Android, iOS, & the web.",$550,http://github.com/alexjlockwood/ShapeShifter,,
,‚Ç¨519,http://www.openrecognition.org/,,https://twitter.com/openrecognition
WWCode is a global non-profit organization that inspires women to excel in technology careers.,$492,,,
A lightweight private npm proxy registry,$543,https://verdaccio.org/,https://github.com/verdaccio,https://twitter.com/verdaccio_npm
,$53,https://github.com/aksonov/react-native-router-flux,,
,$219,,,
La technologie au service de l'impact social,‚Ç¨840,http://www.dataforgood.fr/,,https://twitter.com/DataForGood_FR
"A free, open-source game engine written in Rust with an ECS architecture at its heart.","$5,414",https://github.com/amethyst/amethyst,https://github.com/amethyst,
Collectif de Femmes pour r√©fl√©chir et avancer ensemble sur sa Transition,‚Ç¨467,,,
Permettre aux enfants pr√©caris√©s et en majorit√© d‚Äôorigine immigr√©e de s‚Äôouvrir √† d‚Äôautres horizons en les d√©cloisonnant de leur quartier pour leur proposer des activit√©s culturelles et de stimulation.,‚Ç¨434,,,
Google's Material Design Principles Wrapped in Bootstrap,"$1,055",https://github.com/Daemonite/material,,https://twitter.com/daemonite
"We love Facebook's ReactJS, open-source projects, and developing apps for the web.",$633,https://www.meetup.com/ReactJSDallas/,https://github.com/reactjs-dallas,https://twitter.com/ReactJSDallas
Open source libraries for modern server software.,$68,http://zewo.io/,,https://twitter.com/zewo_io
,$446,https://github.com/jamesmfriedman/rmwc,,
,$435,https://github.com/openbabel/openbabel,,
WWCode is a global non-profit organization that inspires women to excel in technology careers.,$435,https://twitter.com/wwcodewichita,,https://twitter.com/wwcodewichita
,$435,,,
,$435,,,
WWCode is a global non-profit organization that inspires women to excel in technology careers.,$435,,,
WWCode is a global non-profit organization that inspires women to excel in technology careers.,$435,https://twitter.com/wwcodephoenix,,https://twitter.com/wwcodephoenix
WWCode is a global non-profit organization that inspires women to excel in technology careers.,$435,https://twitter.com/wwcodetampa,,https://twitter.com/wwcodetampa
,‚Ç¨0,,,
,‚Ç¨298,https://www.meetup.com/Thessaloniki-NET-Meetup,,https://twitter.com/thessnetmeetup
Discuss with a mentor and accelerate your learning experience,‚Ç¨15,http://huuman.co/,,https://twitter.com/vloupe_
Womer is a word-of-mouth booster for responsible local shops.,‚Ç¨0,http://www.womer.be/,,
,$420,,,
"Sustainable Brussels is your guide to the green face of Brussels. We connect locals, expats and travellers with the heroes of the urban sustainability scene through our map and guided tours.",‚Ç¨415,https://www.facebook.com/SustainableBrussels/,,
UpstatePHP is a community of individuals with a passion for all things web.,$147,http://upstatephp.com/,,
üë®‚Äçüíª Material Theme for Jetbrains IDEs,$463,http://www.material-theme.com/,,https://twitter.com/Mallowigi
We are going to rescue your shit,$419,http://archiveteam.org/,https://github.com/ArchiveTeam,https://twitter.com/ArchiveBot
üèÅ Final Form is a framework-agnostic form state management library for javascript.,$494,https://github.com/final-form,,https://twitter.com/erikras
Modern PHP user login and management framework++.,$446,http://www.userfrosting.com/,,https://twitter.com/userfrosting
Open Source Training Provider - Powered by ELMS:LN,$242,http://openulmus.org/,,https://twitter.com/OpenUlmus
,,,,
,$145,https://github.com/ivpusic/react-native-image-crop-picker,,
WWCode is a global non-profit organization that inspires women to excel in technology careers.,$375,https://twitter.com/WWCodeRenoTahoe,,https://twitter.com/WWCodeRenoTahoe
Nous organisons les voyages du Master Affaires Europ√©ennes de Sciences Po,‚Ç¨374,,,
Cross-platform mobile and web starter kit for GraphQL applications in JavaScript,$285,http://github.com/sysgears/apollo-universal-starter-kit,,https://twitter.com/sysgears
"A Job board by Developers, for Developers.",$372,https://emplea.do/,,https://twitter.com/emplea_do
A solid start for any Laravel Vue Spa project,"$1,090",https://github.com/laravel-enso/Enso,,
Isolated React component development environment with a living style guide,$405,https://react-styleguidist.js.org/,,https://twitter.com/styleguidist
The Lounge is a modern web IRC client designed to be self-hosted.,$475,https://thelounge.chat/,,
An enterprise-class UI components based on Ant Design and Vue.,"$1,033",https://github.com/vueComponent/ant-design-vue,,
,$344,https://github.com/airyland/vux,,
Free and Open Source Javascript Password Vault,$288,https://github.com/buttercup,,https://twitter.com/buttercup_pw
,$383,https://github.com/visionmedia/debug,,
"Living a Peaceful, Healthy, Free and Superabundant Future... One Holon at a Time...",$12,http://noomap.info/,,https://twitter.com/Noomap
Tweak React components in real time!,$455,http://github.com/gaearon/react-hot-loader,,
Accelerating AI for Social Impact,$392,http://www.accel.ai/,https://github.com/AccelAI,https://twitter.com/AccelerateAI
üç∞ ‰ΩøÁî® RSS ËøûÊé•ÂÖ®‰∏ñÁïå,$362,https://github.com/DIYgod/RSSHub,,https://twitter.com/DIYgod
brain.js is a library of Neural Networks written in JavaScript.,"$1,034",https://github.com/BrainJS/brain.js,https://github.com/BrainJS,https://twitter.com/BrainJsFnd
A TypeScript to WebAssembly compiler üöÄ,"$2,471",https://assemblyscript.org/,,
Run your tests using Jest & Puppeteer üé™‚ú®,"$1,030",https://github.com/smooth-code/jest-puppeteer,,
Code tree for GitHub,$107,https://github.com/ovity/octotree,,
"Kea makes state management in React simple, functional and amazing!",$211,https://kea.js.org/,,
WWCode is a global non-profit organization that inspires women to excel in technology careers.,$335,https://twitter.com/wwcodekingston,,https://twitter.com/wwcodekingston
WWCode is a global non-profit organization that inspires women to excel in technology careers.,$335,,,
An online cooperative that aims to promote and act on solarpunk values.,‚Ç¨615,https://sunbeam.city/,,
,$452,https://github.com/localstack/localstack,,
Premium and Open Source dashboard template with responsive and high quality UI.,$360,https://github.com/tabler/tabler,https://github.com/tabler,https://twitter.com/codecalm
‚Äú‚úî I have read and agree to the Terms‚Äù is the biggest lie on the web. We aim to fix that. üö•,$570,https://tosdr.org/,https://github.com/tosdr,https://twitter.com/ToSDR
Visual Studio Code Environment Synchronization Solution,$336,https://github.com/shanalikhan/code-settings-sync,https://github.com/shanalikhan/code-settings-sync,https://twitter.com/itsShanKhan
,$330,https://github.com/compodoc/compodoc,,
State Management for Angular,"$1,243",https://github.com/ngxs/store,,
,$308,https://github.com/navit-gps/navit,,
Complex web apps made easy.,$4,http://www.reactstarter.com/,,https://twitter.com/ReactStarter
Chemung County Parent Support Group,$300,,,
Music Organizer,$347,http://lidarr.audio/,,
,$190,https://github.com/simonmichael/hledger,,
,$302,https://github.com/goby-lang/goby,,
"The Elm Live Editor - share, collaborate and teach Elm online",$264,http://ellie-app.com/,,
"Start Up Yoga is a pop-up yoga experience, providing mobile yoga sessions throughout New York City. We invite you to breathe, meditate and flow with us.",$0,http://startupyoganyc.com/,,https://twitter.com/startupyoganyc
"This is a group for anyone interested in ReactJS, React Native, Redux and all the related technologies.",‚Ç¨702,https://www.meetup.com/Thessaloniki-ReactJS-Meetup/,,https://twitter.com/skgreactjs
,$0,http://pumpkindb.org/,,
An exciting game of programming and Artificial Intelligence,$314,https://warriorjs.com/,https://github.com/olistic/warriorjs,https://twitter.com/warrior_js
Fast & simple storage - a Node.js-style LevelDB wrapper,$306,http://leveldb.org/,,https://twitter.com/leveldb
"Educate, empower and affect lives through music, the arts, and emerging digital technologies.",$0,http://www.allmusictelevision.net/,,https://twitter.com/All_Music_TV
"New generation CMS on top of React, Redux and GraphQL",,https://github.com/relax/relax,,https://twitter.com/RelaxJS
A framework for building API-Centric Apps with PHP,$260,https://github.com/apiato/apiato,,https://twitter.com/Mahmoud_Zalt
,$338,https://gitextensions.github.io/,https://github.com/gitextensions/gitextensions,
WWCode is a global non-profit organization that inspires women to excel in technology careers.,CA$176,https://twitter.com/womenwhocodekw,,https://twitter.com/womenwhocodekw
"A free, federated and social music server",‚Ç¨888,https://funkwhale.audio/,,
"We help military, veterans, and military spouses in the DC area learn to code, break into tech, and continue their service through open-source contributions to nonprofits and government digital services.",$255,https://operationcode.org/,,https://twitter.com/opcode_dc
"A weekly work jam for hackers, makers, and friends.",$982,http://hackportland.com/,,https://twitter.com/hackportland
,$205,https://github.com/Atyantik/react-pwa,,
"A mighty, modern CSS linter",$307,https://github.com/stylelint/stylelint,,https://twitter.com/stylelint
Modern JavaScript date utility library,$513,https://date-fns.org/,,https://twitter.com/date_fns
"WordPress boilerplate with modern development tools, easier configuration, and an improved folder structure",$225,https://roots.io/,,https://twitter.com/rootswp
The way for NUS students to plan their school timetables,$293,https://github.com/nusmodifications/nusmods,,https://twitter.com/nusmods
Polar is a personal knowledge repository for PDF and web content supporting incremental reading and document annotation.,$590,https://getpolarized.io/,https://github.com/burtonator/polar-bookshelf,https://twitter.com/socializ3r
OPEN VALUE NETWORK,$181,http://socialmarket.com/,,https://twitter.com/opencooperative
Ruby in the browser,$315,https://opalrb.com/,https://github.com/opal/opal,https://twitter.com/opalrb
JavaScript obfuscator is a powerful free obfuscator for JavaScript and Node.js,$217,https://github.com/javascript-obfuscator/javascript-obfuscator,,
A complete set of Yeoman generators to start all your frontend projects.,$17,http://fountainjs.io/,,https://twitter.com/YeomanFountain
WWCode is a global non-profit organization that inspires women to excel in technology careers.,A$151,https://twitter.com/WWCodeMelbourne,,https://twitter.com/WWCodeMelbourne
An open source python chat-ops bot framework for creating your own chatbots.,$252,https://opsdroid.github.io/,,https://twitter.com/opsdroid
We‚Äôre a collective of citizens and local organisations campaigning for Norwich to be recognised as the UK‚Äôs leading sharing city.,¬£226,http://norwichsharing.city/,,https://twitter.com/SharingCityUK
"The collaborative trademark for holistic, regenerative agriculture.",‚Ç¨0,http://www.transformevia.com/origin-club,,
,$87,https://github.com/tellform/tellform,,
,$49,https://github.com/LolaShare/LolaShare,,
React Denver is a meetup focused on ReactJS and the technologies and practices surrounding it.,$224,https://www.meetup.com/ReactDenver/,https://github.com/React%20Denver,https://twitter.com/ReactDenver
,$125,https://github.com/Clipy/Clipy,,
".ignore plugin that handles .gitignore (and many other dot-ignore like files) in JetBrains IDEs (IntelliJ, PhpStorm, Android Studio, ...).",$206,https://github.com/hsz/idea-gitignore,,https://twitter.com/hszanowski
,$41,https://github.com/cult-of-coders/redis-oplog,,
,$0,,,
Get started with React Native in minutes. Zero build configuration.,$225,https://github.com/expo/expo-cli,,https://twitter.com/expo
,$215,https://github.com/steelbrain/linter,,
"Transparent, open source, cooperatively owned and governed social news",$610,https://www.weco.io/b/root,,
,$255,https://github.com/XOOPS/XoopsCore,,
,$109,https://github.com/OpenKitten/MongoKitten,,
,$212,http://wpgwinnett.com/,,https://twitter.com/wpgwinnett
"A set of simple, spring-physics based primitives (as in building blocks) that should cover most of your animation needs",$353,https://github.com/drcmda/react-spring,,https://twitter.com/0xca0a
"Grupo de usuarios de JavaScript en Lima, Per√∫.",$275,https://limajs.org/,,https://twitter.com/LimaJSorg
"An open source tool and service that helps people new to Drupal learn how to use it, test patches, and more.",$381,https://simplytest.me/,,https://twitter.com/simplytestme
La Monnaie Libre est √† la monnaie ce que les Logiciels Libres sont aux logiciels!,‚Ç¨433,https://www.monnaie-libre.fr/,,https://twitter.com/zicmama
Emotion is a css-in-js library focused on performance and developer experience.,$253,https://github.com/emotion-js/emotion,,
,$78,,,
"Building decentralized communities for gamers, programmers & designers.",$96,https://cheeselab.industries/,https://github.com/Cheeselab,https://twitter.com/Cheeselab
Python UI framework for making outstanding desktop and mobile applications,"$1,129",https://kivy.org/,https://github.com/kivy,https://twitter.com/kivyframework
,$314,https://github.com/agentejo/cockpit,,https://twitter.com/getcockpit
,$222,https://pnpm.js.org/,,https://twitter.com/pnpmjs
A Foundation for Scalable Cross-Platform Desktop Apps,$373,https://electron-react-boilerplate.js.org/,https://github.com/electron-react-boilerplate,https://twitter.com/EBoilerplate
,$129,https://mastodon.me.uk/,,
,$127,https://github.com/jscad/OpenJSCAD.org,,
"Towards a Transitioning, Commons & Network-based Economy, Sociocracy, effective Collective Intelligence, Zero Waste, Permaculture & a vegan-friendly city",‚Ç¨177,http://electricsheep.fm/,,https://twitter.com/ckemmler
Tech meetup group in Western Maryland,$185,http://queencityhacks.herokuapp.com./,,https://twitter.com/queencityhacks
deBurgers is een democratisch project met als doel burgers de macht te geven om beslissingen te nemen over hun gemeente. deBurgers streeft naar een gemeentebestuur dat conflictvrij aan besluitvorming doet. Een bestuur waar iedereen aan kan meewerken.,‚Ç¨176,http://www.deburgers.be/,,
"This is a group for React developers of any level, or beginners just looking to dig into React.",$175,https://www.meetup.com/Boulder-React-Meetup/,,
PyPy is a faster way to run Python,$174,http://pypy.org/,https://github.com/-,
Fast image resize microservice made simple.,$0,https://github.com/h2non/imaginary,,
,"$1,042",https://github.com/activerecord-hackery/ransack,,
"Simple, Fast and Flexible CMS.",$169,https://pro.bludit.com/,,https://twitter.com/bludit
Dat is a nonprofit-backed data sharing protocol for building peer-to-peer applications.,$674,http://datproject.org/,,https://twitter.com/dat_project
An open training / course management solution to power the next generation of online materials.,$110,https://github.com/elmsln/elmsln,,https://twitter.com/elmsln
"I am a git library implemented in JavaScript, so you can use me everywhere! https://t.co/chpt1LoiYn",$250,https://github.com/isomorphic-git/isomorphic-git,,https://twitter.com/IsomorphicGit
Collection of tools for making Angular apps development easier. Adding support for external solutions which will make your app more robust!,$170,http://github.com/maciejtreder/ng-toolkit,,https://twitter.com/MaciejTreder
,$92,https://github.com/chentsulin/electron-react-boilerplate,,
WWCode is a global non-profit organization that inspires women to excel in technology careers.,‚Ç¨115,,,
Sophisticated visualisation library with multiple diagram types.,$163,https://github.com/almende/vis,,
Not for profit organisation that runs community game jams and support local game-related initiatives.,‚Ç¨162,https://gamecraft.it/,,https://twitter.com/GlobalGameCraft
,$462,http://foodfightvt.com/,,
if-me.org is an open source app to share mental health experiences with loved ones,$149,https://github.com/ifmeorg/ifme,,https://twitter.com/ifmeorg
"Paris.js est une communaut√© qui r√©unit tous les javascripteurs √† Paris, qu‚Äôils soient d√©butants ou experts, professionnels ou juste curieux. Un meetup est organis√© chaque dernier mercredi du mois, avec des orateurs de la communaut√©",$346,https://parisjs.org/,,https://twitter.com/parisjs
,$9,,,
A beautiful feature-rich GraphQL Client for all platforms,$156,http://altair.sirmuel.design/,https://github.com/imolorhe/altair,https://twitter.com/imolorhe
A magical documentation site generator.,$169,https://github.com/docsifyjs/docsify,,https://twitter.com/cinwell_li
CameraKit is an open-source library to support the Android Camera 1 and 2 APIs. Massively increase stability and reliability of photo and video capture on all Android devices.,$190,https://github.com/CameraKit/CameraKit-Android,,https://twitter.com/wonderkiln
100% Open Source iOS Toolset,$162,https://github.com/freshOS,,https://twitter.com/sachadso
Moved to Patreon: https://www.patreon.com/endel,$0,https://github.com/gamestdio/colyseus,,https://twitter.com/colyseus
Accessible AutoML for deep learning.,$223,https://autokeras.com/,https://github.com/jhfjhfj1/autokeras,https://twitter.com/autokeras
Binding the data-driven community together since 2012,$100,http://www.meetup.com/Bay-Area-d3-User-Group/,,
WWCode is a global non-profit organization that inspires women to excel in technology careers.,$135,,,
WWCode is a global non-profit organization that inspires women to excel in technology careers.,$135,,,
WWCode is a global non-profit organization that inspires women to excel in technology careers.,$135,,,
WWCode is a global non-profit organization that inspires women to excel in technology careers.,$135,,,
,$176,https://github.com/onevcat/Kingfisher,,
WhitestormJS - 3D Framework for GameDev & VR in WEB,$59,https://github.com/WhitestormJS/whitestorm.js,,https://twitter.com/_alex_buzin
Formation Groove/jazz Francilienne üé∫,‚Ç¨65,https://www.facebook.com/harissaquartet/,,
"A robust, performance-focused and full-featured Redis client for Node.js that supports Sentinel and Cluster. Works in NodeJS, Electron platforms.",$128,https://github.com/luin/ioredis,,
OctoLinker is a browser extension to navigate through projects on GitHub.com efficiently.,$79,https://github.com/OctoLinker/browser-extension,,
Mouvement politique alternatif et positif,‚Ç¨95,https://en-marche.be/,,https://twitter.com/enmarchebe
"A tasty vegan burger, in true Brussels style, infused with the bold flavour of beer!",‚Ç¨120,http://brusselsbeerburger.com/,,
,$150,https://www.spinacms.com/,,
,$119,https://github.com/iview/iview,,https://twitter.com/iViewUI
"Redbaron (with Baron) is a python library that allows you to parse and modify your python source code files to be able to write custom refactoring script, tooling, code analysis and so on.",$342,https://github.com/PyCQA/redbaron,,
,$416,https://github.com/okonet/lint-staged,https://github.com/okonet/lint-staged,
,$95,,,
WebRTC implementation,$201,https://github.com/peers/peerjs,,
A fully featured full text search engine written in PHP,$214,https://github.com/teamtnt/tntsearch,,https://twitter.com/nticaric
A high-level Android interface to Camera APIs.,$114,https://natario1.github.io/CameraView,https://github.com/natario1/CameraView,
"An awesome developer-centric experience to writing tests with realtime feedback using Mocha, Jasmine or Cucumber.js.",$8,https://chimp.readme.io/,,
"Fast as C, Slick as Ruby","$1,191",https://crystal-lang.org/,https://github.com/crystal-lang/crystal/,https://twitter.com/CrystalLanguage
Kendraio,‚Ç¨0,https://www.kendra.io/,,https://twitter.com/kendraio
"Journal of Consciousness, Literature, and Art",$141,https://www.metapsychosis.com/,,https://twitter.com/mindful_ai
"International media technology alliance with mission to foster an open distributed marketplace for digital media (films, music, images, games and text)...",‚Ç¨0,https://t.co/wokmTMiaXX,,https://twitter.com/kendraio
Deliver Go binaries as fast and easily as possible,$225,https://github.com/goreleaser/goreleaser,,https://twitter.com/goreleaser
"We build tools that couple development efficiency with consumer privacy, especially for IoT.",$0,https://github.com/Muterra/doc-golix,,
"The fantastic ORM library for Golang, aims to be developer friendly.",$173,http://gorm.io/,,https://twitter.com/zhangjinzhu
,$112,https://github.com/http4k/http4k,,
,‚Ç¨100,http://burgerbeweging.be/,,https://twitter.com/burgerbeweging
"Smart Community for startups, entrepreneurs, everyone to learn, share their knowledge and build their career",$876,https://www.fellows.chat/,,https://twitter.com/FellowsChat
State-Driven Styling in JavaScript,$56,https://github.com/rofrischmann/fela,,https://twitter.com/felajs
Tools for a better world,‚Ç¨0,http://www.worldpeacenow.org/,,https://twitter.com/worldpeacenowo
Helping to reduce plastic pollution,‚Ç¨182,https://www.noplasticapp.org/,,https://twitter.com/noplasticapp
The most advanced open source music visualization,$187,https://github.com/projectM-visualizer/projectm,https://github.com/projectM-visualizer/projectm,
Don't hate the media! Become the media!,A$4,http://perthindymedia.net/,,
,$138,https://github.com/gitpoint/git-point,,
Brand & Design Label,$93,http://fka.audio/,,https://twitter.com/dnldus
,$86,https://taiga.io/,,
"Hoa is a modular, extensible and structured set of PHP libraries.",$100,https://github.com/hoaproject,,https://twitter.com/hoaproject
Bevry is an open-company and community dedicated to empowering developers everywhere.,$32,http://bevry.me/,,https://twitter.com/BevryMe
"Data Pioneers is a glob al forum for data leaders to meet, learn and network.",¬£44,https://twitter.com/DataTechTalk,,https://twitter.com/DataTechTalk
,$87,https://github.com/react-dropzone/react-dropzone,,
"Blockchain Garage is an open workshop for any project developers, coders who want to learn together blockchain technologies.",‚Ç¨87,https://www.meetup.com/blockchain-garage-brussels/,,
Onsite mock interviews for software engineers,$87,http://heapclub.org/,,
,$0,,,
Small libraries for creating resizeable split views,$87,http://split.js.org/,https://github.com/nathancahill/Split.js,https://twitter.com/nathancahill
"A beautiful replacement for JavaScript's ""alert""",$87,http://sweetalert.js.org/,https://github.com/t4t5/sweetalert,
,$87,https://redux-form.com/,,https://twitter.com/reduxform
,$87,https://github.com/ApolloZhu/Developing-iOS-10-Apps-with-Swift,,
,$87,https://github.com/zdresearch/OWASP-Nettacker,,
Defining how to create crypto UIs,$87,,,
"Handcrafted starter projects, optimized for simplicity and ease of use.",$0,http://megaboilerplate.com/,,
"A high level, static typed programming language that complies to 10+ source and binary targets.",$87,https://github.com/HaxeFoundation/haxe,,https://twitter.com/haxe_org
"A weekly newsletter of talks, debates and interesting events in Liverpool",¬£86,https://www.thinkingliverpool.com/,,https://twitter.com/thinkingliv
Gathering Hall Studios is an open source team of designers and developers dedicated to building high-quality apps for the Monster Hunter series.,$86,http://www.gatheringhallstudios.com/,,
SharpNEAT: Evolution of Neural Networks. A C# .NET Framework.,$86,https://github.com/colgreen/sharpneat,,
"cljdoc automatically builds, hosts and maintains Clojure/Script library documentation.",$86,https://cljdoc.xyz/,,https://twitter.com/martinklepsch
Feature for Java Platform made easy,$86,https://github.com/ff4j/ff4j,,https://twitter.com/clunven
,$0,https://github.com/kitze/sizzy,,
A TypeScript Framework on top of Express,$176,https://github.com/Romakita/ts-express-decorators,,https://twitter.com/RomainLenzotti
Discussion forum software that brings communities together.,$193,https://www.mybb.com/,,https://twitter.com/mybb
Toolkit for building really interactive UIs with React.,$193,https://reakit.io/,,https://twitter.com/reakitjs
A self-hosted music streaming application that works.,$46,http://koel.phanan.net/,,
,$97,https://github.com/jingweno/jqplay,,
,$82,https://github.com/orizens/ngx-infinite-scroll,,
The leading open source real estate website builder,$319,https://github.com/etewiah/property_web_builder,,https://twitter.com/prptywebbuilder
,$17,https://github.com/dhowe/AdNauseam,,
A global network of individuals and groups working on the transition to commons-based peer-to-peer society.,$77,,,
,$125,https://github.com/redom/redom,,
A plugin for C-family code completion for Sublime Text,$79,https://niosus.github.io/EasyClangComplete/,,
,$34,https://github.com/funretro/distributed,,
Consul Load-Balancing made simple,$69,http://github.com/fabiolb/fabio,,https://twitter.com/magiconair
,$34,https://github.com/vue-bulma/vue-admin,,
The Front-End Checklist is perfect for modern websites and meticulous developers. Help us to develop tools around the project.,$78,http://frontendchecklist.io/,,https://twitter.com/thedaviddias
Humanitarian AI Meetup Group,$159,https://www.meetup.com/Humanitarian-AI/,,https://twitter.com/HumanitarianAI
,$145,https://github.com/z-song/laravel-admin,,
Open platform to collect and prioritize product feedback,$108,https://getfider.com/,,https://twitter.com/getfider
,$101,https://github.com/depjs/dep,,
,$22,https://github.com/magit/magit,,
"The web has evolved. Finally, testing has too.",$75,https://github.com/cypress-io/cypress,,https://twitter.com/cypress_io
,$7,https://github.com/KELiON/cerebro,,
"The standalone app based on official debugger of React Native, and includes React Inspector / Redux DevTools.",$80,https://github.com/jhen0409/react-native-debugger,,
,$145,https://github.com/cult-of-coders/grapher,,
,$255,https://github.com/ddobrev/QtSharp,,
,$26,https://github.com/securingsincity/react-ace,,
,$19,https://github.com/prescottprue/react-redux-firebase,,
Incoming webhook server to execute shell commands,$20,https://github.com/adnanh/webhook,,
Project Hoverboard is the next generation conference website template.,$62,https://github.com/gdg-x/hoverboard,,
,$62,,,
The most epic theme for Visual Studio Code,$145,https://equinsuocha.io/projects/material-theme/,,https://twitter.com/equinusocio
"ensemble, aidons les listes citoyennes",‚Ç¨61,https://listescitoyennes.be/,,
"We offer a space and artistic material to refugees artists, so they can practice their art again.",‚Ç¨0,http://refugeesgottalent.com/,,
Fast pure JS implementation of XML parser,$65,https://github.com/NaturalIntelligence/fast-xml-parser,,https://twitter.com/amitguptagwl
Extensions for NServiceBus,$99,https://github.com/NServiceBusExtensions/Home,https://github.com/NServiceBusExtensions,
Manages all .resx based resources,$59,https://github.com/tom-englert/ResXResourceManager,https://github.com/tom-englert/ResXResourceManager,
Feature Flags for the Java platform,$24,https://github.com/togglz/togglz,,
We are creating a community of women makers.,$8,https://societyofladymakers.com/,,https://twitter.com/socofladymakers
,$97,https://github.com/gliderlabs/ssh,,
Catel is an application development platform with the focus on MVVM,$185,https://www.catelproject.com/,https://github.com/catel/catel,https://twitter.com/CatelProject
,$55,https://github.com/reactabular/reactabular,,
"Improve your Drupal SEO: this module helps you optimize content around keywords in a fast, natural, non-spam way.",$27,http://www.drupal.org/project/yoast_seo,,https://twitter.com/goalgorilla
For more diversity & inclusion in free & open source software communities üòä,$170,https://opensourcediversity.org/,https://github.com/opensourcediversity,https://twitter.com/osdiversity
Bioinformatics and Computational Biology in Julia,$145,http://biojulia.net/,,
Co-creating the City of our Dreams,‚Ç¨0,http://meetup.com/Reinventing-Brussels,,
Connect curious minds with the best sources of insights.,‚Ç¨0,,,
,$51,https://github.com/pixelfed/pixelfed,,
,$58,https://github.com/wenzhixin/bootstrap-table,,
We are in a mission to introduce the power of Open Source to accounting world.,$144,https://github.com/akaunting/akaunting,,https://twitter.com/akaunting
Wikipedia for web APIs.,$47,https://github.com/APIs-guru/openapi-directory,,https://twitter.com/PermittedSoc
Auditing library for .NET,$47,https://github.com/thepirat000/Audit.NET,,https://twitter.com/thepirat000
A powerful UI toolkit for managing JavaScript apps,$47,https://github.com/kitze/JSUI,,https://twitter.com/jsui_app
"Anchor is a super-simple, lightweight blog system, made to let you just write.",$47,https://anchorcms.com/,,https://twitter.com/anchorcms
"Plateforme citoyenne de soutien de l‚Äôenvironnement, de l‚Äôinclusion et de la coh√©sion sociale √† Ixelles Nord.,",‚Ç¨47,,,
"A small, friendly group of aspiring programmers",A$46,https://www.facebook.com/groups/free.code.camp.perth/,,https://twitter.com/perthfreecodec1
"Stateless open source password manager, multi-platform. It does not require synchronization.",$38,,https://github.com/lesspass/lesspass/,
Une association qui √† pour but de sensibiliser les gens sur notre consommation et le fl√©au des d√©chets,‚Ç¨146,https://www.facebook.com/projetCleanWalker/,,
"A high-performance, feature-packed library for all your mapping needs.",$45,https://github.com/openlayers/openlayers,https://github.com/openlayers,https://twitter.com/openlayers
An Android password manager that uses GPG for encrypting passwords,$88,https://github.com/zeapo/Android-Password-Store,,
Ours is a community trust that owns a former bowling club and is now embarking on landscaping works with the wider precinct community,$43,http://www.vogelmorn.nz/,,
Copy/paste detector.,$43,https://github.com/kucherenko/jscpd,https://github.com/kucherenko/jscpd,
"Edge Collective promotes technological sovereignty for communities living at ‚Äòthe edge‚Äô, including vulnerable cities, rural townships, farming communities, and islands.",$43,http://edgecollective.io/,https://github.com/edgecollective,
,$43,https://github.com/vbauer/android-arsenal.com,,
A simple and easy-to-use pie-chart view for Android,$43,https://github.com/razerdp/AnimatedPieView,https://github.com/razerdp/AnimatedPieView,
,$0,https://twitter.com/NYCReact,,https://twitter.com/NYCReact
"JavaScript User Group in Madison, WI",$43,http://www.meetup.com/MadisonJS,,https://twitter.com/MadJavaScript
Excalibur is a free and open source web interface to extract tabular data from PDFs in a scalable manner.,$43,https://www.tryexcalibur.com/,https://github.com/camelot-dev/excalibur,https://twitter.com/vortex_ape
,$43,,,
,$26,https://github.com/Strider-CD/strider,,
,$0,https://github.com/seyhunak/twitter-bootstrap-rails,,
Simple commit conventions for internet citizens.,$42,http://commitizen.github.io/cz-cli/,,https://twitter.com/commitizen
,$96,https://github.com/dooboolab/react-native-iap,,
A nonprofit association representing the international community of foreign citizens living and working in Brussels,‚Ç¨38,,,
Meetups para el empoderamiento digital,$186,http://www.infusionvlc.com/,,https://twitter.com/infusionvlc
Open-Source Admin Dashboard theme built in a modular way!,$38,http://github.com/modularcode/modular-admin-html,,https://twitter.com/ModularCoder
"Citizens' permaculture garden, oasis of biodiversity in transforma bxl, Evere",‚Ç¨39,https://www.transformabxl.be/,,
Culture Num√©rique et Entrepreneuriale,‚Ç¨33,,,
"We are a loosely federated group of software and web developers in Upstate South Carolina who meet semi-regularly to discuss and hack on problems. Typically, we solve problems using open standards, open source, and open APIs.",$0,http://www.openupstate.org/,,https://twitter.com/openupstate
A task runner / simpler Make alternative written in Go,$36,https://taskfile.org/,https://github.com/go-task/task,
A browser extension for the decentralized web.,$48,http://metamask.io/,,
,$14,http://algo-visualizer.jasonpark.me/,,
Popmotion is a collection of simple libraries to make delightfully animated user interfaces.,$309,https://popmotion.io/,,https://twitter.com/popmotionjs
SimpleSchema: A JavaScript schema validation package that supports direct validation of MongoDB update modifier objects,$34,https://github.com/aldeed/simple-schema-js,,
Plastic-Free Plux strives to reduce single-use plastics at the famous Place du Luxembourg in front of the European Parliament in Brussels. We are introducing reusable cups with a deposit-return scheme.,‚Ç¨33,https://www.facebook.com/pg/plasticfreeplux/,,https://twitter.com/plasticfreeplux
Toolkit for generating complex GraphQL schemas in Node.js,$65,https://graphql-compose.github.io/,,https://twitter.com/nodkz
Cezerin is React and Node.js based eCommerce platform.,$48,https://github.com/cezerin/cezerin,,https://twitter.com/cezerin
Open Source ERP and CRM suite for business,$48,https://github.com/Dolibarr/dolibarr,,https://twitter.com/Dolibarr
The NetSquared Chicago Meetup helps nonprofits better use technology,$101,,,
Material design components for vue,$50,https://vuetifyjs.com/,,https://twitter.com/vuetifyjs
,‚Ç¨12,https://mastodon.brussels/,,
A lightweight framework to sync Realm Database with CloudKit,$30,https://github.com/caiyue1993/IceCream,,
"We are building a platform to let you create an association and collect money for it online, without having to create a legal entity",$0,https://opencollective.com/,,https://twitter.com/opencollect
,$34,https://github.com/radiant-player/radiant-player-mac,,
Distributed bug tracker embedded in Git,$60,https://github.com/MichaelMure/git-bug,,
,$0,https://github.com/Pryaxis/TShock,,
"HIVE is a community that gathers all actors of the Blockchain landscape in Belgium, it structures them and creates synergies to initiate actual projects.",‚Ç¨28,http://www.hive.brussels/,,https://twitter.com/HIVE_BS
Custom color schemes for all websites,$27,https://midnight-lizard.org/,https://github.com/Midnight-Lizard,https://twitter.com/MidnightLizard
,$29,https://github.com/asciimoo/searx,,
,‚Ç¨0,,,
,$17,https://github.com/matthewgonzalez/fontplop,,
,$0,https://github.com/EragonJ/Kaku,,
Full featured HTML framework for building iOS & Android apps,$100,https://framework7.io/,https://github.com/framework7io/framework7,https://twitter.com/framework7io
Fullstack authentication and accounts-management for Javascript.,$49,http://accounts-js.netlify.com/,,
The ergonomic embedded nosql database for Android and Java,$37,https://github.com/dizitart/nitrite-database,,https://twitter.com/dizitart
Log your digital life without giving up your privacy. Maintained by @ErikBjare and @johan_bjareholt. Get the code: https://t.co/7Z14imnapO,$48,https://github.com/ActivityWatch/activitywatch,,https://twitter.com/ActivityWatchIt
"A self-hosted web radio management suite, including turnkey installer tools and an easy-to-use web app to manage your stations.",$24,http://azuracast.com/,,https://twitter.com/AzuraCast
‚úçüèªIt has never been so easy to document your things!,$52,https://github.com/pedronauck/docz,,
,$34,https://github.com/asciidocfx/AsciidocFX,,
The next web scraper. See through the <html> noise,$19,https://github.com/lapwinglabs/x-ray,,
"Volt is a pan-European progressive political movement, focused on changing the way politics is done",‚Ç¨22,https://www.volteuropa.org/,,https://twitter.com/VoltEuropa
A data grid for AngularJS; part of the AngularUI suite,$0,http://ui-grid.info/,,
"Hosting for freedom, not for profit!",$66,http://libre.sh/,,
Transparent javascript bundles. One npm package at a time.,$72,https://github.com/pastelsky/bundlephobia,,
,$21,https://github.com/jsonmvc/jsonmvc,,
Make bots in Java,$21,https://github.com/rampatra/jbot,,https://twitter.com/jbotframework
–û–±—Ö–æ–¥ –±–ª–æ–∫–∏—Ä–æ–≤–æ–∫ –†—É–Ω–µ—Ç–∞,$20,http://github.com/anticensority/runet-censorship-bypass,,
,$49,https://github.com/digiaonline/graphql-php,,
Sous-Chefs are a group of like minded Chef practitioners creating high quality Chef Cookbooks,$101,https://github.com/sous-chefs/,,https://twitter.com/souschefsorg
H/F es la red de emprendimiento tecnol√≥gico m√°s grande del mundo. Nos reunimos mensualmente para crear valor. ¬°√önete!,$20,https://www.hf.cx/,,
,$48,https://github.com/SmingHub/Sming,,
,$120,http://github.com/pre-commit/pre-commit,https://github.com/pre-commit,
,$20,https://github.com/crazychicken/t-scroll,,
"Wow, such a beautiful HTML5 music player",$17,http://github.com/MoePlayer/APlayer,,https://twitter.com/DIYgod
,$13,https://github.com/colmena/colmena-cms,,
"We are on a mission to build a truly open, rigorous and transparent science owned by citizens",‚Ç¨103,http://community.cobaye.io/,,
,$17,https://github.com/akiran/react-slick,,
Get anonymous feedback & tips from the communities you want,,https://tipbox.is/,,https://twitter.com/gettipbox
Support Iris today.,$17,http://github.com/kataras/iris,,https://twitter.com/MakisMaropoulos
,$17,http://invoiceplane.com/,,https://twitter.com/InvoicePlane
"A global community exploring technology as a catalyst for psychological, emotional and spiritual flourishing.",$0,http://www.meetup.com/Consciousness-Hacking-Silicon-Valley/,,https://twitter.com/consciousnesshack
,$100,https://github.com/docToolchain/docToolchain,,https://twitter.com/docToolchain
Hexworks is a friendly bunch of developers and artists who focus on providing open source tools for (but not only) game developers.,$16,http://github.com/Hexworks,,https://twitter.com/_hexworks
"A readable, automated, and optimized (5 kb) internationalization for JavaScript",$48,https://github.com/lingui/js-lingui,,
,$16,https://github.com/sandeepmistry/arduino-nRF5,,
,$17,https://github.com/twolfson/sexy-bash-prompt,,
Remove unused css,$25,https://github.com/FullHuman/purgecss,,https://twitter.com/Full_Human_
Street Art collective focused on empowering and connecting street artists in Latin America and Europe.,‚Ç¨13,http://www.strawberrystreets.com/,,
Fast and concurrent JavaScript test runner with simple test syntax and Babel built-in.,$8,https://ava.li/,,https://twitter.com/ava__js
"Sleek, intuitive, and powerful front-end framework for faster and easier web development.",$57,https://getbootstrap.com/,https://github.com/twbs,https://twitter.com/getbootstrap
A better way to operate quick response code in Swift.,$0,https://github.com/EyreFree/EFQRCode,,https://twitter.com/EFQRCode
The Bare-Metal Python Web Framework,$49,https://falconframework.org/,https://github.com/falconry/falcon,
Real Time Bidding (RTB),$48,https://github.com/venediktov/vanilla-rtb,,https://twitter.com/vanilla_rtb
"Pact is the industry standard, cross-language collaboration framework that enforces contracts between a consumer and a provider of data.",$17,http://pact.io/,,https://twitter.com/pact_up
Koin is a pragmatic lightweight dependency injection framework for Kotlin developers.,$25,http://insert-koin.io/,,https://twitter.com/insertkoin_io
"Record your test suite's HTTP interactions and replay them during future test runs for fast, deterministic, accurate tests.",$0,https://github.com/vcr/vcr,,
,$10,https://francais-a-londres.org/,,
Dotnet distributed crawler framework,$19,https://github.com/zhupingqi/RuiJi.Net,,https://twitter.com/zhupingqi
"An online network that starts, grows and connects social movements",$9,http://www.gridt.org/,,
Collectif pour soutenir les commoners et le mouvement des communs,‚Ç¨9,http://remixthecommons.org/,,
,‚Ç¨9,,,
,¬£9,http://psychedelicsociety.org.uk/,,https://twitter.com/psychedelicsuk
A computer programming fellowship for the next generation of social entrepreneurs!,$8,http://www.theimpactfellowship.com/,,
Open Solutions to Local Challenges,$8,http://sarapis.org/,,https://twitter.com/sarapisorg
,$0,,,
An opinionated catalog of open source JavaScript packages.,$0,https://github.com/jscoach/support,,https://twitter.com/_jscoach
pure Kotlin mocking library,$8,https://mockk.io/,,https://twitter.com/oleksiyp
"We offer co-working, dinners, meditation classes, and a general space to feel and be whole.",$0,http://balanced.nyc/,,
"Create badass, fluid and smooth transition between your website's pages.",$0,https://github.com/luruke/barba.js,,
,$8,https://github.com/3lvis/Sync,,
,$0,https://github.com/lc-soft/LCUI,,
Prolyfill for CSS Container Queries,$8,http://github.com/ausi/cq-prolyfill,,https://twitter.com/ausi
,$8,https://styled-icons.js.org/,https://github.com/jacobwgillespie/styled-icons,
"A .NET library for reading and writing CSV files. Extremely fast, flexible, and easy to use. Supports reading and writing of custom class objects.",$100,https://github.com/JoshClose/CsvHelper,https://github.com/JoshClose/CsvHelper,https://twitter.com/joshclose
"The Swagger/OpenAPI toolchain for .NET, Web API and TypeScript.",$8,https://github.com/RSuter/NSwag,https://github.com/RSuter/NSwag,https://twitter.com/RicoSuter
,$0,https://github.com/coderaiser/cloudcmd,,
"We are a collective of artists, activists and entrepreneurs, mostly based in Madagascar, with some based in Europe.",$97,http://www.nyloharanofoundation.org/,,
We build the most easy to use extension for Google Chrome. Downloaded by millions of users.,$8,https://1ce.org/,,https://twitter.com/1ce_org
"A communal garden in Diamond Creek, VIC, Australia.",$29,https://thrivecommunitygarden.org/,,
"Wow, such a lovely HTML5 danmaku video player",$17,http://github.com/MoePlayer/DPlayer,,https://twitter.com/DIYgod
,$17,https://github.com/svermeulen/Zenject,,
,$51,https://github.com/cheton,,https://twitter.com/cheton
We strive to take Vietnam into the 21st century global economy.,‚Ç¨0,http://www.officience.com/,,https://twitter.com/OffyVN
Learn anything in one month alongside your day job,$24,https://learn.uno/,,
,$6,https://github.com/KyleAMathews/typography.js,,
,$0,https://github.com/mattapperson/docker.io,,
,$0,https://github.com/axboot/ax-boot-framework,,
This is the big change for those who wanted to be employed,CA$5,,,
,,,,
,,,,
,,,,
,,,,
,,,,
