Project Name,Project Link
webpack,https://opencollective.com/webpack
WWCode Merida,https://opencollective.com/wwcodemerida
Babel,https://opencollective.com/babel
ACCESS,https://opencollective.com/access
Women Who Code Atlanta,https://opencollective.com/wwcodeatl
CodeNPlay,https://opencollective.com/codenplay
Women Who Code,https://opencollective.com/wwcode
Material-UI,https://opencollective.com/material-ui
Open Source Collective,https://opencollective.com/opensource
Mastodon,https://opencollective.com/mastodon
ZoKrates,https://opencollective.com/zokrates
Sustain,https://opencollective.com/sustainoss
vue,https://opencollective.com/vuejs
The e-NABLE Fund,https://opencollective.com/enablefund
Women Who Code Monterrey,https://opencollective.com/wwcodemonterrey
Consciousness Hacking SF,https://opencollective.com/chsf
Preact,https://opencollective.com/preact
WWCode Portland,https://opencollective.com/wwcodeportland
nest,https://opencollective.com/nest
Aurelia,https://opencollective.com/aurelia
WWCode Toronto,https://opencollective.com/wwcodetoronto
Qubes OS,https://opencollective.com/qubes-os
MochaJS,https://opencollective.com/mochajs
Perkeep,https://opencollective.com/perkeep
WWCode Austin,https://opencollective.com/wwcodeaustin
Beaker Browser,https://opencollective.com/beaker
Guadalajara JS,https://opencollective.com/gdljs
Nuxt.js,https://opencollective.com/nuxtjs
WWCode Seattle,https://opencollective.com/wwcodeseattle
TalkWellington,https://opencollective.com/korerowellington
Women Who Code Vancouver,https://opencollective.com/wwcodevancouver
GulpJS,https://opencollective.com/gulpjs
Vegan Brussels,https://opencollective.com/veganbrussels
FeathersJS,https://opencollective.com/feathers
phalcon,https://opencollective.com/phalcon
RubyTogether,https://opencollective.com/rubytogether
WWCode Silicon Valley,https://opencollective.com/wwcodesv
Destiny Item Manager,https://opencollective.com/dim
WWCode Colima,https://opencollective.com/wwcodecolima
JHipster,https://opencollective.com/generator-jhipster
Storybook,https://opencollective.com/storybook
Rochester e-NABLE Lab,https://opencollective.com/renablelab
universalviewer,https://opencollective.com/universalviewer
Cloudflare Collective,https://opencollective.com/cloudflarecollective
Dokku,https://opencollective.com/dokku
Women Who Code Manila,https://opencollective.com/wwcodemanila
Rollup,https://opencollective.com/rollup
erxes Inc,https://opencollective.com/erxes
Ruby Together OSC,https://opencollective.com/ruby-together-osc
WWCode Belfast,https://opencollective.com/wwcodebelfast
mobx,https://opencollective.com/mobx
PNW Drupal Summit,https://opencollective.com/pnw-drupal-summit
ngrx,https://opencollective.com/ngrx
Jest,https://opencollective.com/jest
Rails Girls Atlanta,https://opencollective.com/railsgirlsatl
react-boilerplate,https://opencollective.com/react-boilerplate
Technovation México,https://opencollective.com/technovationmx
electron,https://opencollective.com/electron
RuboCop,https://opencollective.com/rubocop
Jekyll,https://opencollective.com/jekyll
Cycle.js,https://opencollective.com/cyclejs
Bower,https://opencollective.com/bower
WWCode Taipei,https://opencollective.com/wwcodetaipei
Burlington Code,https://opencollective.com/burlington-code
ParsePlatform,https://opencollective.com/parse-server
Helium Grant,https://opencollective.com/heliumgrant_test
Gatsby,https://opencollective.com/gatsby
Open Collective Europe,https://opencollective.com/europe-collective
WWCode Twin Cities,https://opencollective.com/wwcodetwincities
Be Coworking,https://opencollective.com/becoworking
WWCode New York,https://opencollective.com/wwcodenyc
Civic Tech Toronto,https://opencollective.com/civictechto
ReactiveUI,https://opencollective.com/reactiveui
sfglobalshapers,https://opencollective.com/sfglobalshapers
curl,https://opencollective.com/curl
unified,https://opencollective.com/unified
hybris-integration-intellij-idea-plugin,https://opencollective.com/hybris-integration-intellij-idea-plugin
WWCode Birmingham,https://opencollective.com/wwcodebirmingham
social.coop,https://opencollective.com/socialcoop
Mongoose.js,https://opencollective.com/mongoose
Asciidoctor,https://opencollective.com/asciidoctor
WordPress Sydney,https://opencollective.com/wordpress-sydney
trellis,https://opencollective.com/trellis
Spyder IDE,https://opencollective.com/spyder
Parcel,https://opencollective.com/parcel
Docusaurus,https://opencollective.com/docusaurus
WordPress SFO,https://opencollective.com/wordpress-sf
Dark Reader,https://opencollective.com/darkreader
Boostnote,https://opencollective.com/boostnoteio
redux-saga,https://opencollective.com/redux-saga
Fearless Cities Brussels,https://opencollective.com/fearlesscitiesbrussels
Austin Drupal Users Group,https://opencollective.com/drupalatx
WWCode Washington DC,https://opencollective.com/wwcodedc
codesandbox,https://opencollective.com/codesandbox
sage,https://opencollective.com/sage
WWCode Kyiv,https://opencollective.com/wwcodekyiv
BrusselsTogether,https://opencollective.com/brusselstogether
socket.io,https://opencollective.com/socketio
TypeORM,https://opencollective.com/typeorm
dlang,https://opencollective.com/dlang
CIDER,https://opencollective.com/cider
Botkit,https://opencollective.com/botkit
BrusselsTogether Media,https://opencollective.com/brusselstogether-media
WeBrussels,https://opencollective.com/webrussels
rspec,https://opencollective.com/rspec
CCXT,https://opencollective.com/ccxt
idyll,https://opencollective.com/idyll
Vapor,https://opencollective.com/vapor
Make it Sound,https://opencollective.com/make-it-sound
choo,https://opencollective.com/choo
San Francisco Art & Film for Teenagers,https://opencollective.com/sfartandfilm
nock,https://opencollective.com/nock
mobx-react-form,https://opencollective.com/mobx-react-form
big.js,https://opencollective.com/bigjs
APEX,https://opencollective.com/apex
Nerves Project,https://opencollective.com/nerves-project
cucumber,https://opencollective.com/cucumber
SF Data,https://opencollective.com/sf-data-science
Between the Wires,https://opencollective.com/betweenthewires
react-pdf,https://opencollective.com/react-pdf
WWCode Kuala Lumpur,https://opencollective.com/wwcodekualalumpur
Redux DevTools,https://opencollective.com/redux-devtools-extension
Grav,https://opencollective.com/grav
Women Who Code Barcelona,https://opencollective.com/wwcodebarcelona
Ragtag,https://opencollective.com/ragtag
Softcraft - Open Apprenticeship,https://opencollective.com/softcraft
CryptPad,https://opencollective.com/cryptpad
IndieWeb,https://opencollective.com/indieweb
meteor-up,https://opencollective.com/meteor-up
WWCode Berlin,https://opencollective.com/wwcodeberlin
Women Who Code Raleigh Durham,https://opencollective.com/wwcoderaleigh
Symfony Diversity collective in $,https://opencollective.com/symfony-diversity-usd
Hoodie,https://opencollective.com/hoodie
up,https://opencollective.com/apex-up
WWCode Mexico City,https://opencollective.com/wwcodedf
La Jacqueline Mobile Sound,https://opencollective.com/lajacqueline
duplicati,https://opencollective.com/duplicati
Sound Doctors,https://opencollective.com/sound-doctors
MvvmCross,https://opencollective.com/mvvmcross
element,https://opencollective.com/element
Democracy Earth Foundation,https://opencollective.com/democracyearth
WWCode London,https://opencollective.com/wwcodelondon
WWCode San Francisco,https://opencollective.com/wwcodesf
Operation Code,https://opencollective.com/operationcode-collective
BeFrank,https://opencollective.com/befrank
sinon,https://opencollective.com/sinon
ImageSharp,https://opencollective.com/imagesharp
styled-components,https://opencollective.com/styled-components
WWCode Boston,https://opencollective.com/wwcodeboston
WWCode Boulder/Denver,https://opencollective.com/wwcodebd
Flarum,https://opencollective.com/flarum
React Native Elements,https://opencollective.com/react-native-elements
Sydney Drupal Users Group,https://opencollective.com/sydney-drupal-users-group
The London Django Meetup Group,https://opencollective.com/the-london-django-meetup-group
Streetmix,https://opencollective.com/streetmix
Code for Miami,https://opencollective.com/codeformiami
UBIE,https://opencollective.com/ubie
Euros For Docs,https://opencollective.com/eurosfordocs
Tabula,https://opencollective.com/tabulapdf
nodemon,https://opencollective.com/nodemon
Tachyons,https://opencollective.com/tachyons
lumo,https://opencollective.com/lumo
HOTS-NYC,https://opencollective.com/hots-nyc
Companion,https://opencollective.com/companion
HuNeeds,https://opencollective.com/huneeds
libpostal,https://opencollective.com/libpostal
Les Barbares,https://opencollective.com/lesbarbares
Split,https://opencollective.com/split
LibreNMS,https://opencollective.com/librenms
UniRx,https://opencollective.com/unirx
Drupal Asheville,https://opencollective.com/drupalasheville
Bincrafters Community,https://opencollective.com/bincrafters
Open Collective Foundation,https://opencollective.com/foundation-collective
TurfJS,https://opencollective.com/turf
pug,https://opencollective.com/pug
WWCode Recife,https://opencollective.com/wwcoderecife
Kings Lynn & West Norfolk Pride,https://opencollective.com/klwnpride
Agreelist,https://opencollective.com/agreelist
Women Who Code Huntsville,https://opencollective.com/wwcodehuntsville
Michigan Drupal,https://opencollective.com/michigan-drupal
Babel Starter Kit,https://opencollective.com/babel-starter-kit
The New Citizen Europe,https://opencollective.com/thenewcitizen-europe
React Native Firebase,https://opencollective.com/react-native-firebase
skatejs,https://opencollective.com/skatejs
GrapesJS,https://opencollective.com/grapesjs
TechWo,https://opencollective.com/techwo
Simply Secure's Underexposed,https://opencollective.com/underexposed
FreeRideToVote,https://opencollective.com/freeridetovote
Code for Denver,https://opencollective.com/codefordenver
Laravel Tenancy,https://opencollective.com/tenancy
Micro Mobility Center,https://opencollective.com/micro-mobility-center
Octobox,https://opencollective.com/octobox
YOURLS,https://opencollective.com/yourls
Radarr,https://opencollective.com/radarr
lem,https://opencollective.com/lem
Secure Scuttlebutt Consortium Collective,https://opencollective.com/secure-scuttlebutt-consortium
Internet Freedom Festival Swag,https://opencollective.com/internetffswag
Green me Baby,https://opencollective.com/green-me-baby
Internet Freedom Festival,https://opencollective.com/internetfreedomfestival
Fody,https://opencollective.com/fody
celery,https://opencollective.com/celery
24pullrequests,https://opencollective.com/24pullrequests
Decoupled Days,https://opencollective.com/decoupled-days
WWCode Bristol,https://opencollective.com/wwcodebristol
The Swing Dance Cooperative,https://opencollective.com/swing
WWCode DFW,https://opencollective.com/wwcodedallas
satellizer,https://opencollective.com/satellizer
WWCode Delhi,https://opencollective.com/wwcodedelhi
WWCode Salt Lake City,https://opencollective.com/wwcodesaltlakecity
riot,https://opencollective.com/riot
noble,https://opencollective.com/noble
Silhouette,https://opencollective.com/silhouette
Django Girls Helsinki,https://opencollective.com/djangohelsinki
WWCode Bangalore,https://opencollective.com/wwcodebangalore
gitea,https://opencollective.com/gitea
flow-for-vscode,https://opencollective.com/flow-for-vscode
Solidus,https://opencollective.com/solidus
hospitalrun,https://opencollective.com/hospitalrun
Women Who Code Sofia,https://opencollective.com/wwcodesofia
Strapi,https://opencollective.com/strapi
html-webpack-plugin,https://opencollective.com/html-webpack-plugin
Open Source Design,https://opencollective.com/opensourcedesign
cheerio,https://opencollective.com/cheerio
coconut,https://opencollective.com/coconut
Chai,https://opencollective.com/chaijs
Women Who Code Singapore,https://opencollective.com/wwcodesingapore
Playworks,https://opencollective.com/playworkskerryproject
Yeoman,https://opencollective.com/yeoman
Open Farm,https://opencollective.com/openfarm
PDXNode,https://opencollective.com/pdxnode
Colly,https://opencollective.com/colly
WWCode Santiago,https://opencollective.com/wwcodesantiago
React Starter Kit for Firebase,https://opencollective.com/react-firebase-starter
Serverless San Francisco,https://opencollective.com/serverless-sf
offline-plugin,https://opencollective.com/offline-plugin
WWCode Medellín,https://opencollective.com/wwcodemedellin
BootstrapCDN,https://opencollective.com/getbootstrapcdn
WWCode Tokyo,https://opencollective.com/wwcodetokyo
WWCode Greenville,https://opencollective.com/wwcodegreenville
#NoMuslimBan,https://opencollective.com/nomuslimban
react-virtualized,https://opencollective.com/react-virtualized
angular-fullstack,https://opencollective.com/angular-fullstack
Tech for Good New Zealand,https://opencollective.com/techforgoodnz
GoSublime,https://opencollective.com/gosublime
Better Media,https://opencollective.com/bettermediauk
Charlotte Devs,https://opencollective.com/charlottedevs
NOVA Web Development,https://opencollective.com/nova-web-development
Vulcan,https://opencollective.com/vulcan
CaptainFact,https://opencollective.com/captainfact_io
Open Chemistry,https://opencollective.com/open-chemistry
AVL Futures,https://opencollective.com/avlfutures
The Verdigris Ensemble,https://opencollective.com/verdigrismusic
React Toolbox!,https://opencollective.com/react-toolbox
WWCode Dublin,https://opencollective.com/wwcodedublin
shields.io,https://opencollective.com/shields
Drupal Utah,https://opencollective.com/drupalutah
Nim,https://opencollective.com/nim
MahApps.Metro,https://opencollective.com/mahappsmetro
Nodemailer,https://opencollective.com/nodemailer
Food for Thought,https://opencollective.com/foodforthought
WWCode Accra,https://opencollective.com/wwcodeaccra
CodeBuddies,https://opencollective.com/codebuddies
document-register-element,https://opencollective.com/document-register-element
LaPrimaire.org,https://opencollective.com/laprimaire
OpenEMR,https://opencollective.com/openemr
WWCode Vinnytsia,https://opencollective.com/wwcodevinnytsia
GENIE,https://opencollective.com/gorge-genie
Mark Text,https://opencollective.com/marktext
SFTech4Good,https://opencollective.com/sftech4good
marshmallow,https://opencollective.com/marshmallow
DjangoGirls Marseille,https://opencollective.com/djangogirlsmrs
Allure Report,https://opencollective.com/allure-report
AZ social business,https://opencollective.com/azsocialbusiness
hyperHTML,https://opencollective.com/hyperhtml
KoaJS,https://opencollective.com/koajs
Blaze,https://opencollective.com/blaze
WWCode Sydney,https://opencollective.com/wwcodesydney
Tech4Good Southwest Florida,https://opencollective.com/t4swfl
TealWiki,https://opencollective.com/tealwiki
St. Louis Drupal Users Group (STLDUG),https://opencollective.com/drupalstl
OpenMined,https://opencollective.com/openmined
Wiki.js,https://opencollective.com/wikijs
WWCode Brisbane,https://opencollective.com/wwcodebrisbane
MakersGDL,https://opencollective.com/makersgdl
WWCode Los Angeles,https://opencollective.com/wwcodelosangeles
Pony,https://opencollective.com/ponyc
SCION,https://opencollective.com/scion
Oni,https://opencollective.com/oni
xstate,https://opencollective.com/xstate
Phenomic,https://opencollective.com/phenomic
Osmocom,https://opencollective.com/osmocom
,https://opencollective.com/burgerlijst
Women Who Code Cincinnati,https://opencollective.com/wwcodecincinnati
Drupal Recording Initiative,https://opencollective.com/drupal-recording-initiative
JSOxford,https://opencollective.com/jsoxford
Avalonia,https://opencollective.com/avalonia
Boston Code Camp,https://opencollective.com/bostoncodecamp
amethyst,https://opencollective.com/amethyst
Publii,https://opencollective.com/publii
Manyverse,https://opencollective.com/manyverse
JSS,https://opencollective.com/jss
OpenCollective Paris,https://opencollective.com/opencollectiveparis
faker.js,https://opencollective.com/fakerjs
Gentlewomen’s Club Brussels,https://opencollective.com/gwc-brussels
ORY,https://opencollective.com/ory
poi,https://opencollective.com/poi
The Impact Fellowhip,https://opencollective.com/impactfellowship
GraphQL Shield,https://opencollective.com/graphql-shield
SVGR,https://opencollective.com/svgr
WWCode Edinburgh,https://opencollective.com/wwcodeedinburgh
Bootstrap-Vue,https://opencollective.com/bootstrap-vue
acgn-stock,https://opencollective.com/acgn-stock
Women Who Code Richmond,https://opencollective.com/wwcoderichmond
Tessel,https://opencollective.com/tessel
Thessaloniki Java Meetup,https://opencollective.com/skgjug
Readline,https://opencollective.com/readline
React Denver,https://opencollective.com/react-denver
Ghost,https://opencollective.com/ghost
Open Collective UK,https://opencollective.com/uk-collective
ax5ui,https://opencollective.com/ax5ui-kernel
AudioKit,https://opencollective.com/audiokit
LWJGL,https://opencollective.com/lwjgl
Fisk-Vanderbilt Bridge Alumni Network,https://opencollective.com/fvbran
vis.js,https://opencollective.com/vis
Crystal Language,https://opencollective.com/crystal-lang
WWCode Chennai,https://opencollective.com/wwcodechennai
fuse-box,https://opencollective.com/fuse-box
Open Collective,https://opencollective.com/opencollective-oss
gobuster,https://opencollective.com/gobuster
Streamlink,https://opencollective.com/streamlink
react-native-camera,https://opencollective.com/react-native-camera
WWCode Chicago,https://opencollective.com/wwcodechicago
devise_token_auth,https://opencollective.com/devise_token_auth
Avogadro,https://opencollective.com/avogadro
jsbin,https://opencollective.com/jsbin
Michigan Python,https://opencollective.com/michiganpython
Citizen-led economic transition.,https://opencollective.com/reconomycop
isomorphic-git,https://opencollective.com/isomorphic-git
Openwhyd,https://opencollective.com/openwhyd
file-icons,https://opencollective.com/file-icons
WWCode East Bay,https://opencollective.com/wwcodeeastbay
brain.js,https://opencollective.com/brainjs
Analyze Basilicata,https://opencollective.com/analyzebasilicata
OSCurrency,https://opencollective.com/oscurrency
CultureSeed,https://opencollective.com/cultureseed
react-native-router-flux,https://opencollective.com/react-native-router-flux
DiEM25 Spontaneous Collective (DSC) Brussels,https://opencollective.com/dscbrussels
Co-Labs,https://opencollective.com/co-labs
Climate without Borders,https://opencollective.com/climatewborders
AssemblyScript,https://opencollective.com/assemblyscript
Bootstrap Material,https://opencollective.com/material
inferno,https://opencollective.com/inferno
Open Recognition,https://opencollective.com/openrecognition
Data for Good,https://opencollective.com/data_for_good
rom,https://opencollective.com/rom
Shape Shifter,https://opencollective.com/shapeshifter
Cboard - Assistive Communication Board,https://opencollective.com/cboard
NetSquared Vancouver (Net2van),https://opencollective.com/net2van-meetup
Data Pioneers Brussels,https://opencollective.com/datapioneersbrussels
CIN,https://opencollective.com/civicinnovationnetwork
Women Who Code Pune,https://opencollective.com/wwcodepune
Global Challenges Collaboration,https://opencollective.com/globalchallengescollaboration
verdaccio,https://opencollective.com/verdaccio
Network Time Foundation,https://opencollective.com/network-time-foundation
RocketMod,https://opencollective.com/rocketmod
Foynt,https://opencollective.com/foynt
Ithaca Adoption Community,https://opencollective.com/ithacaadoptioncommunity
Grow-IoT,https://opencollective.com/grow-iot
Sunbeam City,https://opencollective.com/sunbeam-city
WWCode Beijing,https://opencollective.com/wwcodebeijing
Expo CLI,https://opencollective.com/expo-cli
Thessaloniki .NET Meetup,https://opencollective.com/thessnetmeetup
Open Miami,https://opencollective.com/openmiami-collective
ReactJS Dallas,https://opencollective.com/reactjs-dallas
Women In Transition,https://opencollective.com/women-in-transition-
material-theme-jetbrains,https://opencollective.com/material-theme-jetbrains
Bruxelles Nord - Sud,https://opencollective.com/bruxelles-nord-sud
Enso,https://opencollective.com/enso
Ant Design Vue,https://opencollective.com/ant-design-vue
Zewo,https://opencollective.com/zewo
RMWC,https://opencollective.com/rmwc
openbabel,https://opencollective.com/openbabel
WWCode Wichita,https://opencollective.com/wwcodewichita
Women Who Code Cleveland,https://opencollective.com/wwcodecleveland
Women Who Code Fort Collins,https://opencollective.com/wwcodefortcollins
WWCode Phoenix,https://opencollective.com/wwcodephoenix
WWCode Shanghai,https://opencollective.com/wwcodeshanghai
WWCode Tampa,https://opencollective.com/wwcodetampa
ReCreate,https://opencollective.com/recreate
jest-puppeteer,https://opencollective.com/jest-puppeteer
Final Form,https://opencollective.com/final-form
Huuman,https://opencollective.com/huuman
Womer,https://opencollective.com/womer
Women Who Code San Diego,https://opencollective.com/wwcodesandiego
Archive Team,https://opencollective.com/archiveteam
NGXS,https://opencollective.com/ngxs
Sustainable Brussels,https://opencollective.com/sustainable-brussels
gitextensions,https://opencollective.com/gitextensions
UserFrosting,https://opencollective.com/userfrosting
UpstatePHP,https://opencollective.com/upstatephp
react-native-image-crop-picker,https://opencollective.com/react-native-image-crop-picker
React Styleguidist,https://opencollective.com/styleguidist
The Lounge,https://opencollective.com/thelounge
Open Ulmus,https://opencollective.com/openulmus
La Conexión,https://opencollective.com/laconexion
react-hot-loader,https://opencollective.com/react-hot-loader
apollo-universal-starter-kit,https://opencollective.com/apollo-universal-starter-kit
Terms of Service; Didn’t Read,https://opencollective.com/tosdr
WWCode Reno/Tahoe,https://opencollective.com/wwcoderenotahoe
MAE Trips,https://opencollective.com/mae-trips-
Emplea.do Job Board,https://opencollective.com/empleo-dot-net
debug,https://opencollective.com/debug
Accel AI Institute,https://opencollective.com/accel-ai
vux,https://opencollective.com/vux
Buttercup,https://opencollective.com/buttercup
SimplyTest.me,https://opencollective.com/simplytestme
The S7 Foundation,https://opencollective.com/thes7foundation
localstack,https://opencollective.com/localstack
RSSHub,https://opencollective.com/rsshub
octotree,https://opencollective.com/octotree
kea,https://opencollective.com/kea
WWCode Kingston,https://opencollective.com/wwcodekingston
WWCode Sacramento,https://opencollective.com/wwcodesacramento
Thessaloníki ReactJS Meetup,https://opencollective.com/skgreactjs
Code Settings Sync,https://opencollective.com/code-settings-sync
tabler,https://opencollective.com/tabler
Hack Portland,https://opencollective.com/hack-portland
compodoc,https://opencollective.com/compodoc
navit,https://opencollective.com/navit
React Starter Kit,https://opencollective.com/react-starter-kit
date-fns,https://opencollective.com/date-fns
Ellie,https://opencollective.com/ellie
Kivy,https://opencollective.com/kivy
Lidarr,https://opencollective.com/lidarr
pnpm,https://opencollective.com/pnpm
Embrace the Journey,https://opencollective.com/embrace-the-journey
Funkwhale,https://opencollective.com/funkwhale
goby,https://opencollective.com/goby
Polar,https://opencollective.com/polar-bookshelf
LimaJS,https://opencollective.com/limajs
hledger,https://opencollective.com/hledger
Startup Yoga NYC,https://opencollective.com/startupyoganyc
WarriorJS,https://opencollective.com/warriorjs
level,https://opencollective.com/level
PumpkinDB,https://opencollective.com/pumpkindb
AMTV Digital Network,https://opencollective.com/amtv-collective
Relax,https://opencollective.com/relax
apiato,https://opencollective.com/apiato
ransack,https://opencollective.com/ransack
React PWA,https://opencollective.com/react-pwa
stylelint,https://opencollective.com/stylelint
WWCode Waterloo,https://opencollective.com/wwcodewaterloo
Operation Code DC,https://opencollective.com/operationcode-dc
opsdroid,https://opencollective.com/opsdroid
NUSMods,https://opencollective.com/nusmods
bedrock,https://opencollective.com/bedrock
Collectif Monnaie Libre,https://opencollective.com/monnaie-libre
XoopsCore,https://opencollective.com/xoopscore
SOCIALMARKET.com,https://opencollective.com/opencoop
.ignore,https://opencollective.com/ignore
FountainJS,https://opencollective.com/fountainjs
opal,https://opencollective.com/opal
javascript-obfuscator,https://opencollective.com/javascript-obfuscator
LolaShare,https://opencollective.com/lolashare
Clipy,https://opencollective.com/clipy
WWCode Melbourne,https://opencollective.com/wwcodemelbourne
Norwich Sharing City,https://opencollective.com/norwichsharingcity
Origin Club,https://opencollective.com/originclub
tellform,https://opencollective.com/tellform
WECO.IO,https://opencollective.com/weco
dat,https://opencollective.com/dat
redis-oplog,https://opencollective.com/redis-oplog
react-spring,https://opencollective.com/react-spring
Symfony Diversity collective for speaker mentoring,https://opencollective.com/symfony-diversity-speaker-mentoring
Sounds and Colors Radio,https://opencollective.com/soundsandcolors
linter,https://opencollective.com/linter
MongoKitten,https://opencollective.com/mongokitten
WordPress Gwinnett,https://opencollective.com/wordpress-gwinnett
cockpit,https://opencollective.com/cockpit
emotion,https://opencollective.com/emotion
Trill,https://opencollective.com/trill
electron-react-boilerplate,https://opencollective.com/electron-react-boilerplate-594
Foodfightvt,https://opencollective.com/foodfightvt
Cheese.lab Industries,https://opencollective.com/cheeselab
Mastodon.me.uk,https://opencollective.com/mastodon-me-uk
Queen City Hacks,https://opencollective.com/queencityhacks
cheton,https://opencollective.com/cheton
OpenJSCAD.org,https://opencollective.com/openjscad
ElectricSheep Podcast,https://opencollective.com/electricsheep
De Burgers van Grobbendonk en Bouwel,https://opencollective.com/de-burgers-van-grobbendonk-en-bouwel
Boulder React Meetup,https://opencollective.com/boulder-react-meetup
PyPy,https://opencollective.com/pypy
imaginary,https://opencollective.com/imaginary
ifme,https://opencollective.com/ifme
ioredis,https://opencollective.com/ioredis
ELMS: Learning Network,https://opencollective.com/elmsln
Bludit,https://opencollective.com/bludit
ng-toolkit,https://opencollective.com/ng-toolkit
CameraKit-Android,https://opencollective.com/camerakit-android
Paris.js,https://opencollective.com/parisjs
electron-react-boilerplate,https://opencollective.com/electron-react-boilerplate
Altair GraphQL Client,https://opencollective.com/altair
WWCode Paris,https://opencollective.com/wwcodeparis
GameCraft,https://opencollective.com/gamecraft-foundation-clg
Sous-Chefs,https://opencollective.com/sous-chefs
FreshOS,https://opencollective.com/freshos
docsify,https://opencollective.com/docsify
Operation Code Hampton Roads,https://opencollective.com/operationcodehr
CameraView,https://opencollective.com/cameraview
Auto-Keras,https://opencollective.com/autokeras
lint-staged,https://opencollective.com/lint-staged
Kingfisher,https://opencollective.com/kingfisher
Colyseus,https://opencollective.com/colyseus
d3.js Bay Area,https://opencollective.com/d3bayarea
redbaron,https://opencollective.com/redbaron
pixelfed,https://opencollective.com/pixelfed-528
WWCode Belo Horizonte,https://opencollective.com/wwcodebelohorizonte
WWCode Gujarat,https://opencollective.com/wwcodegujarat
WWCode Charleston,https://opencollective.com/wwcodecharleston
WWCode Al-Jazair,https://opencollective.com/wwcodealjazair
WhitestormJS Engine,https://opencollective.com/whitestormjs
Data Pioneers London,https://opencollective.com/datapioneerslondon
Harissa,https://opencollective.com/harissa
tntsearch,https://opencollective.com/tntsearch
OctoLinker,https://opencollective.com/octolinker
peerjs,https://opencollective.com/peer
Spina,https://opencollective.com/spina
goreleaser,https://opencollective.com/goreleaser
En Marche.be,https://opencollective.com/enmarchebe
Beer Burger,https://opencollective.com/brusselsbeerburger
iview,https://opencollective.com/iview
Operation Code: Boston,https://opencollective.com/operationcodeboston
Webform module for Drupal,https://opencollective.com/webform
GORM,https://opencollective.com/gorm
Metapsychosis,https://opencollective.com/metapsychosis
Chimp.js,https://opencollective.com/chimp
Kendraio,https://opencollective.com/kendraio
NoPlasticApp,https://opencollective.com/noplasticapp
Kendraio DAW,https://opencollective.com/kendraio-daw
Fellows.chat,https://opencollective.com/fellows_chat
projectM,https://opencollective.com/projectm
http4k,https://opencollective.com/http4k
Muterra,https://opencollective.com/golix
Property Web Builder,https://opencollective.com/property_web_builder
MyBB,https://opencollective.com/mybb
Burger Beweging,https://opencollective.com/burgerbeweging
Hoa Project,https://opencollective.com/hoaproject
git-point,https://opencollective.com/git-point
fela,https://opencollective.com/fela
Ts.ED,https://opencollective.com/tsed
World Peace Now,https://opencollective.com/worldpeacenow
Reakit,https://opencollective.com/reakit
SweetAlert,https://opencollective.com/sweetalert
perth indymedia,https://opencollective.com/perthindymedia
sizzy,https://opencollective.com/sizzy
FKA,https://opencollective.com/formerlyknownas
Taiga,https://opencollective.com/taiga
Bevry,https://opencollective.com/bevry
react-dropzone,https://opencollective.com/react-dropzone
Blockchain Garage Brussels,https://opencollective.com/blockchain-garage-brussels
GraphQL NYC,https://opencollective.com/graphqlnyc
Heapclub,https://opencollective.com/heapclub
Crypto UI,https://opencollective.com/crypto-ui
MegaBoilerplate,https://opencollective.com/megaboilerplate
Developing-iOS-10-Apps-with-Swift,https://opencollective.com/developing-ios-10-apps-with-swift
OWASP-Nettacker,https://opencollective.com/owasp-nettacker
Split.js,https://opencollective.com/splitjs
redux-form,https://opencollective.com/redux-form
Haxe,https://opencollective.com/haxe
MadJS,https://opencollective.com/madisonjavascript
Thinking Liverpool,https://opencollective.com/thinking-liverpool
koel,https://opencollective.com/koel
Gathering Hall Studios,https://opencollective.com/gathering-hall-studios
ff4j,https://opencollective.com/ff4j
sharpneat,https://opencollective.com/sharpneat
cljdoc,https://opencollective.com/cljdoc
QtSharp,https://opencollective.com/qtsharp
jqplay,https://opencollective.com/jqplay
Humanitarian AI,https://opencollective.com/humanitarian-ai
redom,https://opencollective.com/redom
ngx-infinite-scroll,https://opencollective.com/ngx-infinite-scroll
laravel-admin,https://opencollective.com/laravel-admin
AdNauseam,https://opencollective.com/adnauseam
dep,https://opencollective.com/dep
CommonsWealth Network,https://opencollective.com/commonswealth-network
Cypress.io,https://opencollective.com/cypressio
distributed,https://opencollective.com/distributed
EasyClangComplete,https://opencollective.com/easyclangcomplete
vue-admin,https://opencollective.com/vue-admin
fabio,https://opencollective.com/fabio
Fider,https://opencollective.com/fider
grapher,https://opencollective.com/grapher
Front-End-Checklist,https://opencollective.com/front-end-checklist
Catel,https://opencollective.com/catel
Material Theme for VS Code,https://opencollective.com/vsc-material-theme
ng-packagr,https://opencollective.com/ng-packagr
React Native Debugger,https://opencollective.com/react-native-debugger
magit,https://opencollective.com/magit
cerebro,https://opencollective.com/cerebro
Open Source Diversity,https://opencollective.com/opensourcediversity
BioJulia,https://opencollective.com/biojulia
NServiceBusExtensions,https://opencollective.com/nservicebusextensions
react-ace,https://opencollective.com/react-ace
react-redux-firebase,https://opencollective.com/react-redux-firebase
webhook,https://opencollective.com/webhook
Hoverboard,https://opencollective.com/hoverboard
Operation Code PDX,https://opencollective.com/operationcodepdx
listes citoyennes,https://opencollective.com/listescitoyennes
Refugees Got Talent,https://opencollective.com/refugeesgottalent
fast-xml-parser,https://opencollective.com/fast-xml-parser
ssh,https://opencollective.com/ssh
Akaunting,https://opencollective.com/akaunting
InstaPy,https://opencollective.com/instapy
ResXResourceManager,https://opencollective.com/resxresourcemanager
togglz,https://opencollective.com/togglz
Society of Lady Makers,https://opencollective.com/societyofladymakers
reactabular,https://opencollective.com/reactabular
CleanWalker,https://opencollective.com/benjamin-carboni
Drupal - Real Time SEO module,https://opencollective.com/realtimeseo
Reinventing Brussels,https://opencollective.com/reinventingbrussels
Trove of Knowledge,https://opencollective.com/offibooks
Touhou Patch Center,https://opencollective.com/thpatch
Android-Password-Store,https://opencollective.com/android-password-store
INFUSIÓN,https://opencollective.com/infusionvlc
bootstrap-table,https://opencollective.com/bootstrap-table
react-native-iap,https://opencollective.com/react-native-iap
openapi-directory,https://opencollective.com/openapi-directory
Excalibur,https://opencollective.com/excalibur
JSUI,https://opencollective.com/jsui
anchor-cms,https://opencollective.com/anchor-cms
Ixelles pour Tous,https://opencollective.com/ixelles-pour-tous
Free Code Camp Perth,https://opencollective.com/free-code-camp-perth
LessPass,https://opencollective.com/lesspass
openlayers,https://opencollective.com/openlayers
Vogelmorn Community Precinct,https://opencollective.com/vogelmorn-community-precinct
Clarice Clopton,https://opencollective.com/clarice-clopton1
Edge Collective,https://opencollective.com/edgecollective
ZNotes,https://opencollective.com/znotes
AnimatedPieView,https://opencollective.com/animatedpieview
ReactNYC,https://opencollective.com/reactnyc
android-arsenal.com,https://opencollective.com/android-arsenal
jscpd,https://opencollective.com/jscpd
Popmotion,https://opencollective.com/popmotion
Operation Code Columbus,https://opencollective.com/opcodecolumbus
Strider,https://opencollective.com/strider
twitter-bootstrap-rails,https://opencollective.com/twitter-bootstrap-rails
Commitizen,https://opencollective.com/commitizen
Brussels International Citizens Alliance,https://opencollective.com/bica
ModularAdmin,https://opencollective.com/modular-admin
MetaMask,https://opencollective.com/metamask
Perma@transforma,https://opencollective.com/perma%40transforma
radiant-player,https://opencollective.com/radiant-player
graphql-compose,https://opencollective.com/graphql-compose
lab.davan.ac,https://opencollective.com/labdavanac
OpenUpstate,https://opencollective.com/openupstate
Task,https://opencollective.com/task
cezerin,https://opencollective.com/cezerin
dolibarr,https://opencollective.com/dolibarr
algorithm-visualizer,https://opencollective.com/algorithm-visualizer
NetSquared Chicago,https://opencollective.com/netsquared-chicago
simple-schema-js,https://opencollective.com/simple-schema-js
AsciidocFX,https://opencollective.com/asciidocfx
Framework7,https://opencollective.com/framework7
vuetify,https://opencollective.com/vuetify
Plastic Free Plux,https://opencollective.com/plasticfreeplux
git-bug,https://opencollective.com/git-bug
Midnight Lizard,https://opencollective.com/midnight-lizard
pre-commit,https://opencollective.com/pre-commit
RVM,https://opencollective.com/rvm
Mastodon.brussels,https://opencollective.com/mastodonbrussels
IceCream,https://opencollective.com/icecream
"Open Collective, Inc.",https://opencollective.com/opencollective-company
TShock,https://opencollective.com/tshock
accounts-js,https://opencollective.com/accounts-js
activitywatch,https://opencollective.com/activitywatch
Docz,https://opencollective.com/docz
HIVE Blockchain Society,https://opencollective.com/hive_bs
searx,https://opencollective.com/searx
bundlephobia,https://opencollective.com/bundlephobia
nitrite-database,https://opencollective.com/nitrite-database
libre.sh,https://opencollective.com/libresh
Cobaye Community,https://opencollective.com/cobaye-community
ChangeX,https://opencollective.com/changex-collective
Zenject,https://opencollective.com/zenject
fontplop,https://opencollective.com/fontplop
Kaku,https://opencollective.com/kaku
InvoicePlane,https://opencollective.com/invoiceplane
docToolchain,https://opencollective.com/doctoolchain
Bootstrap,https://opencollective.com/bootstrap
x-ray,https://opencollective.com/x-ray
graphql-php,https://opencollective.com/graphql-php
Sming,https://opencollective.com/sming
AzuraCast,https://opencollective.com/azuracast
Volt Europa,https://opencollective.com/volteuropa
UI-Grid,https://opencollective.com/ui-grid
Fisk-Vanderbilt Masters-to-PhD Bridge Program,https://opencollective.com/fisk-vanderbilt-masters-to-phd-bridge-program
{json:mvc},https://opencollective.com/jsonmvc
JBot,https://opencollective.com/jbot
LibreMesh,https://opencollective.com/lime-packages
Обход блокировок Рунета,https://opencollective.com/anticensority
Hackers & Founders Quito,https://opencollective.com/hfquito
t-scroll,https://opencollective.com/t-scroll
js-lingui,https://opencollective.com/js-lingui
APlayer,https://opencollective.com/aplayer
XR Belgium,https://opencollective.com/xr-belgium
colmena,https://opencollective.com/colmena
tipbox,https://opencollective.com/tipbox
react-slick,https://opencollective.com/react-slick
sexy-bash-prompt,https://opencollective.com/sexy-bash-prompt
Iris,https://opencollective.com/iris
Consciousness Hacking Palo Alto,https://opencollective.com/chsv
CsvHelper,https://opencollective.com/csvhelper
AmazMod,https://opencollective.com/amazmod-33
Falcon,https://opencollective.com/falcon
arduino-nRF5,https://opencollective.com/arduino-nrf5
Hexworks,https://opencollective.com/hexworks
vanilla-rtb,https://opencollective.com/vanilla-rtb
purgecss,https://opencollective.com/purgecss
Pact Foundation,https://opencollective.com/pact-foundation
Strawberry Streets,https://opencollective.com/strawberrystreets
Symfony Diversity collective,https://opencollective.com/symfony-diversity
AVA,https://opencollective.com/ava
EFQRCode,https://opencollective.com/efqrcode
styled-icons,https://opencollective.com/styled-icons
Ny Loharano Foundation,https://opencollective.com/ny-loharano-foundation
koin,https://opencollective.com/koin
RuiJi.Net,https://opencollective.com/ruijinet
Information Wave,https://opencollective.com/information-wave
Thrive Community Garden,https://opencollective.com/thrive-community-garden
VCR,https://opencollective.com/vcr
Français à Londres,https://opencollective.com/francais-a-londres1
Remix,https://opencollective.com/remix
Gridt,https://opencollective.com/gridt
Groupe local du Brabant Wallon - En Marche.be,https://opencollective.com/enmarchebrabantwallon
The .NET Foundation,https://opencollective.com/dotnetfdncollective
The Psychedelic Society,https://opencollective.com/psychedelicsuk
DPlayer,https://opencollective.com/dplayer
Sarapis General Fund,https://opencollective.com/sarapis
JS.coach,https://opencollective.com/js-coach
Barba.js,https://opencollective.com/barbajs
Sync,https://opencollective.com/sync
The Impact Fellowship,https://opencollective.com/theimpactfellowship
mockk,https://opencollective.com/mockk
Balanced,https://opencollective.com/balanced
Reinventing Startups,https://opencollective.com/reinventingstartups
Demand Utopia,https://opencollective.com/demand-utopia
LCUI,https://opencollective.com/lcui
cq-prolyfill,https://opencollective.com/cq-prolyfill
auryo,https://opencollective.com/auryo
NSwag,https://opencollective.com/nswag
Olympia Assembly,https://opencollective.com/olympia-assembly
cloudcmd,https://opencollective.com/cloudcmd
1CE - 1Click Extensions,https://opencollective.com/1ce
Learning Lab,https://opencollective.com/learning-lab
Officience,https://opencollective.com/officience
typography.js,https://opencollective.com/typographyjs
AXBoot Framework,https://opencollective.com/ax-boot-framework
